No.,Brand,Category (EN),Category (KO),Category (VI),Model Code,Product Name (EN),Product Name (KO),Product Name (VI),Part Type,Part SKU,Part Name (EN),Part Name (KO),Part Name (VI),Quantity,Replace Every (months),Clean Every (months),Minor Part
1,Aqualife,Under-sink purifier,싱크대 정수기,Máy lọc dưới bồn rửa,AQU-UNSI-0001,AQU-UNSI-0001,AQU-UNSI-0001,AQU-UNSI-0001,Consumable,AQU-UNSI-0001-PP10,"PP 10""","PP 10"" 침전 필터","Lõi PP 10""",1,6,,
2,Aqualife,Under-sink purifier,싱크대 정수기,Máy lọc dưới bồn rửa,AQU-UNSI-0001,AQU-UNSI-0001,AQU-UNSI-0001,AQU-UNSI-0001,Consumable,AQU-UNSI-0001-CTO10,"CTO 10""","CTO 10"" 카본 필터","Lõi carbon CTO 10""",1,12,,
3,Aqualife,Under-sink purifier,싱크대 정수기,Máy lọc dưới bồn rửa,AQU-UNSI-0001,AQU-UNSI-0001,AQU-UNSI-0001,AQU-UNSI-0001,Consumable,AQU-UNSI-0001-UF10,"UF 10"" Membrane","UF 10"" 멤브레인","Màng UF 10""",1,24,,
4,Aqualife,Under-sink purifier,싱크대 정수기,Máy lọc dưới bồn rửa,AQU-UNSI-0001,AQU-UNSI-0001,AQU-UNSI-0001,AQU-UNSI-0001,Accessory,AQU-UNSI-0001-FCT,Goose-neck faucet,구즈넥 수전,Vòi cổ ngỗng,1,,,N
5,Aqualife,Under-sink purifier,싱크대 정수기,Máy lọc dưới bồn rửa,AQU-UNSI-0002,AQU-UNSI-0002,AQU-UNSI-0002,AQU-UNSI-0002,Consumable,AQU-UNSI-0002-RO75,RO 75GPD Membrane,RO 75GPD 멤브레인,Màng RO 75GPD,1,24,,
6,Aqualife,Under-sink purifier,싱크대 정수기,Máy lọc dưới bồn rửa,AQU-UNSI-0002,AQU-UNSI-0002,AQU-UNSI-0002,AQU-UNSI-0002,Consumable,AQU-UNSI-0002-RO100,RO 100GPD Membrane,RO 100GPD 멤브레인,Màng RO 100GPD,1,24,,
7,Aqualife,Under-sink purifier,싱크대 정수기,Máy lọc dưới bồn rửa,AQU-UNSI-0002,AQU-UNSI-0002,AQU-UNSI-0002,AQU-UNSI-0002,Consumable,AQU-UNSI-0002-POSTCARB,Post carbon polisher,포스트 카본 필터,Lõi carbon hậu lọc,1,18,,
8,Aqualife,Under-sink purifier,싱크대 정수기,Máy lọc dưới bồn rửa,AQU-UNSI-0002,AQU-UNSI-0002,AQU-UNSI-0002,AQU-UNSI-0002,Accessory,AQU-UNSI-0002-TANK,3.2 gal pressure tank,3.2갤런 압력 탱크,Bình áp 3.2 gal,1,,,N
9,Aqualife,Under-sink purifier,싱크대 정수기,Máy lọc dưới bồn rửa,AQU-UNSI-0003,AQU-UNSI-0003,AQU-UNSI-0003,AQU-UNSI-0003,Consumable,AQU-UNSI-0003-MINERAL,Mineral cartridge,미네랄 카트리지,Hộp khoáng bổ sung,1,12,,
10,Aqualife,Under-sink purifier,싱크대 정수기,Máy lọc dưới bồn rửa,AQU-UNSI-0003,AQU-UNSI-0003,AQU-UNSI-0003,AQU-UNSI-0003,Consumable,AQU-UNSI-0003-PRE,Pre-mesh filter,프리메쉬 필터,Lõi tiền lọc lưới,1,,every visit,
11,Aqualife,Under-sink purifier,싱크대 정수기,Máy lọc dưới bồn rửa,AQU-UNSI-0003,AQU-UNSI-0003,AQU-UNSI-0003,AQU-UNSI-0003,Consumable,AQU-UNSI-0003-BIRM,Birm sediment media,비름 침전 미디어,Vật liệu Birm,1,36,,
12,Aqualife,Under-sink purifier,싱크대 정수기,Máy lọc dưới bồn rửa,AQU-UNSI-0003,AQU-UNSI-0003,AQU-UNSI-0003,AQU-UNSI-0003,Accessory,AQU-UNSI-0003-HOSE1,Tubing 1m (white),튜브 호스 1m (흰색),Ống 1m (trắng),1,,,Y
13,Aqualife,Travel purifier,휴대용 정수기,Máy lọc du lịch,AQU-TRPU-0011,AQU-TRPU-0011,AQU-TRPU-0011,AQU-TRPU-0011,Consumable,AQU-TRPU-0011-CTO10,"CTO 10""","CTO 10"" 카본 필터","Lõi carbon CTO 10""",1,12,,
14,Aqualife,Travel purifier,휴대용 정수기,Máy lọc du lịch,AQU-TRPU-0011,AQU-TRPU-0011,AQU-TRPU-0011,AQU-TRPU-0011,Consumable,AQU-TRPU-0011-UF10,"UF 10"" Membrane","UF 10"" 멤브레인","Màng UF 10""",1,24,,
15,Aqualife,Travel purifier,휴대용 정수기,Máy lọc du lịch,AQU-TRPU-0011,AQU-TRPU-0011,AQU-TRPU-0011,AQU-TRPU-0011,Consumable,AQU-TRPU-0011-RO75,RO 75GPD Membrane,RO 75GPD 멤브레인,Màng RO 75GPD,1,24,,
16,Aqualife,Travel purifier,휴대용 정수기,Máy lọc du lịch,AQU-TRPU-0011,AQU-TRPU-0011,AQU-TRPU-0011,AQU-TRPU-0011,Accessory,AQU-TRPU-0011-TANK,3.2 gal pressure tank,3.2갤런 압력 탱크,Bình áp 3.2 gal,1,,,N
17,Aqualife,Travel purifier,휴대용 정수기,Máy lọc du lịch,AQU-TRPU-0012,AQU-TRPU-0012,AQU-TRPU-0012,AQU-TRPU-0012,Consumable,AQU-TRPU-0012-RO100,RO 100GPD Membrane,RO 100GPD 멤브레인,Màng RO 100GPD,1,24,,
18,Aqualife,Travel purifier,휴대용 정수기,Máy lọc du lịch,AQU-TRPU-0012,AQU-TRPU-0012,AQU-TRPU-0012,AQU-TRPU-0012,Consumable,AQU-TRPU-0012-POSTCARB,Post carbon polisher,포스트 카본 필터,Lõi carbon hậu lọc,1,18,,
19,Aqualife,Travel purifier,휴대용 정수기,Máy lọc du lịch,AQU-TRPU-0012,AQU-TRPU-0012,AQU-TRPU-0012,AQU-TRPU-0012,Consumable,AQU-TRPU-0012-MINERAL,Mineral cartridge,미네랄 카트리지,Hộp khoáng bổ sung,1,12,,
20,Aqualife,Travel purifier,휴대용 정수기,Máy lọc du lịch,AQU-TRPU-0012,AQU-TRPU-0012,AQU-TRPU-0012,AQU-TRPU-0012,Accessory,AQU-TRPU-0012-HOSE1,Tubing 1m (white),튜브 호스 1m (흰색),Ống 1m (trắng),1,,,Y
21,Aqualife,Travel purifier,휴대용 정수기,Máy lọc du lịch,AQU-TRPU-0013,AQU-TRPU-0013,AQU-TRPU-0013,AQU-TRPU-0013,Consumable,AQU-TRPU-0013-PRE,Pre-mesh filter,프리메쉬 필터,Lõi tiền lọc lưới,1,,every visit,
22,Aqualife,Travel purifier,휴대용 정수기,Máy lọc du lịch,AQU-TRPU-0013,AQU-TRPU-0013,AQU-TRPU-0013,AQU-TRPU-0013,Consumable,AQU-TRPU-0013-BIRM,Birm sediment media,비름 침전 미디어,Vật liệu Birm,1,36,,
23,Aqualife,Travel purifier,휴대용 정수기,Máy lọc du lịch,AQU-TRPU-0013,AQU-TRPU-0013,AQU-TRPU-0013,AQU-TRPU-0013,Consumable,AQU-TRPU-0013-GAC,Granular activated carbon,입상활성탄,Than hoạt tính dạng hạt,1,24,,
24,Aqualife,Travel purifier,휴대용 정수기,Máy lọc du lịch,AQU-TRPU-0013,AQU-TRPU-0013,AQU-TRPU-0013,AQU-TRPU-0013,Accessory,AQU-TRPU-0013-QC,Quick-connect fitting,퀵 커넥트 피팅,Khớp nối nhanh,1,,,Y
25,Aqualife,Mineral water dispenser,미네랄 정수기,Máy lọc khoáng,AQU-MIWA-0021,AQU-MIWA-0021,AQU-MIWA-0021,AQU-MIWA-0021,Consumable,AQU-MIWA-0021-UF10,"UF 10"" Membrane","UF 10"" 멤브레인","Màng UF 10""",1,24,,
26,Aqualife,Mineral water dispenser,미네랄 정수기,Máy lọc khoáng,AQU-MIWA-0021,AQU-MIWA-0021,AQU-MIWA-0021,AQU-MIWA-0021,Consumable,AQU-MIWA-0021-RO75,RO 75GPD Membrane,RO 75GPD 멤브레인,Màng RO 75GPD,1,24,,
27,Aqualife,Mineral water dispenser,미네랄 정수기,Máy lọc khoáng,AQU-MIWA-0021,AQU-MIWA-0021,AQU-MIWA-0021,AQU-MIWA-0021,Consumable,AQU-MIWA-0021-RO100,RO 100GPD Membrane,RO 100GPD 멤브레인,Màng RO 100GPD,1,24,,
28,Aqualife,Mineral water dispenser,미네랄 정수기,Máy lọc khoáng,AQU-MIWA-0021,AQU-MIWA-0021,AQU-MIWA-0021,AQU-MIWA-0021,Accessory,AQU-MIWA-0021-HOSE1,Tubing 1m (white),튜브 호스 1m (흰색),Ống 1m (trắng),1,,,Y
29,Aqualife,Mineral water dispenser,미네랄 정수기,Máy lọc khoáng,AQU-MIWA-0022,AQU-MIWA-0022,AQU-MIWA-0022,AQU-MIWA-0022,Consumable,AQU-MIWA-0022-POSTCARB,Post carbon polisher,포스트 카본 필터,Lõi carbon hậu lọc,1,18,,
30,Aqualife,Mineral water dispenser,미네랄 정수기,Máy lọc khoáng,AQU-MIWA-0022,AQU-MIWA-0022,AQU-MIWA-0022,AQU-MIWA-0022,Consumable,AQU-MIWA-0022-MINERAL,Mineral cartridge,미네랄 카트리지,Hộp khoáng bổ sung,1,12,,
31,Aqualife,Mineral water dispenser,미네랄 정수기,Máy lọc khoáng,AQU-MIWA-0022,AQU-MIWA-0022,AQU-MIWA-0022,AQU-MIWA-0022,Consumable,AQU-MIWA-0022-PRE,Pre-mesh filter,프리메쉬 필터,Lõi tiền lọc lưới,1,,every visit,
32,Aqualife,Mineral water dispenser,미네랄 정수기,Máy lọc khoáng,AQU-MIWA-0022,AQU-MIWA-0022,AQU-MIWA-0022,AQU-MIWA-0022,Accessory,AQU-MIWA-0022-QC,Quick-connect fitting,퀵 커넥트 피팅,Khớp nối nhanh,1,,,Y
33,Aqualife,Mineral water dispenser,미네랄 정수기,Máy lọc khoáng,AQU-MIWA-0023,AQU-MIWA-0023,AQU-MIWA-0023,AQU-MIWA-0023,Consumable,AQU-MIWA-0023-BIRM,Birm sediment media,비름 침전 미디어,Vật liệu Birm,1,36,,
34,Aqualife,Mineral water dispenser,미네랄 정수기,Máy lọc khoáng,AQU-MIWA-0023,AQU-MIWA-0023,AQU-MIWA-0023,AQU-MIWA-0023,Consumable,AQU-MIWA-0023-GAC,Granular activated carbon,입상활성탄,Than hoạt tính dạng hạt,1,24,,
35,Aqualife,Mineral water dispenser,미네랄 정수기,Máy lọc khoáng,AQU-MIWA-0023,AQU-MIWA-0023,AQU-MIWA-0023,AQU-MIWA-0023,Consumable,AQU-MIWA-0023-PP10,"PP 10""","PP 10"" 침전 필터","Lõi PP 10""",1,6,,
36,Aqualife,Mineral water dispenser,미네랄 정수기,Máy lọc khoáng,AQU-MIWA-0023,AQU-MIWA-0023,AQU-MIWA-0023,AQU-MIWA-0023,Accessory,AQU-MIWA-0023-VALVE,Inlet shut-off valve,급수 차단 밸브,Van khóa cấp,1,,,Y
37,Aqualife,Faucet filter,수도꼭지 필터,Lọc tại vòi,AQU-FAFI-0031,AQU-FAFI-0031,AQU-FAFI-0031,AQU-FAFI-0031,Consumable,AQU-FAFI-0031-RO75,RO 75GPD Membrane,RO 75GPD 멤브레인,Màng RO 75GPD,1,24,,
38,Aqualife,Faucet filter,수도꼭지 필터,Lọc tại vòi,AQU-FAFI-0031,AQU-FAFI-0031,AQU-FAFI-0031,AQU-FAFI-0031,Consumable,AQU-FAFI-0031-RO100,RO 100GPD Membrane,RO 100GPD 멤브레인,Màng RO 100GPD,1,24,,
39,Aqualife,Faucet filter,수도꼭지 필터,Lọc tại vòi,AQU-FAFI-0031,AQU-FAFI-0031,AQU-FAFI-0031,AQU-FAFI-0031,Consumable,AQU-FAFI-0031-POSTCARB,Post carbon polisher,포스트 카본 필터,Lõi carbon hậu lọc,1,18,,
40,Aqualife,Faucet filter,수도꼭지 필터,Lọc tại vòi,AQU-FAFI-0031,AQU-FAFI-0031,AQU-FAFI-0031,AQU-FAFI-0031,Accessory,AQU-FAFI-0031-QC,Quick-connect fitting,퀵 커넥트 피팅,Khớp nối nhanh,1,,,Y
41,Aqualife,Faucet filter,수도꼭지 필터,Lọc tại vòi,AQU-FAFI-0032,AQU-FAFI-0032,AQU-FAFI-0032,AQU-FAFI-0032,Consumable,AQU-FAFI-0032-MINERAL,Mineral cartridge,미네랄 카트리지,Hộp khoáng bổ sung,1,12,,
42,Aqualife,Faucet filter,수도꼭지 필터,Lọc tại vòi,AQU-FAFI-0032,AQU-FAFI-0032,AQU-FAFI-0032,AQU-FAFI-0032,Consumable,AQU-FAFI-0032-PRE,Pre-mesh filter,프리메쉬 필터,Lõi tiền lọc lưới,1,,every visit,
43,Aqualife,Faucet filter,수도꼭지 필터,Lọc tại vòi,AQU-FAFI-0032,AQU-FAFI-0032,AQU-FAFI-0032,AQU-FAFI-0032,Consumable,AQU-FAFI-0032-BIRM,Birm sediment media,비름 침전 미디어,Vật liệu Birm,1,36,,
44,Aqualife,Faucet filter,수도꼭지 필터,Lọc tại vòi,AQU-FAFI-0032,AQU-FAFI-0032,AQU-FAFI-0032,AQU-FAFI-0032,Accessory,AQU-FAFI-0032-VALVE,Inlet shut-off valve,급수 차단 밸브,Van khóa cấp,1,,,Y
45,Aqualife,Faucet filter,수도꼭지 필터,Lọc tại vòi,AQU-FAFI-0033,AQU-FAFI-0033,AQU-FAFI-0033,AQU-FAFI-0033,Consumable,AQU-FAFI-0033-GAC,Granular activated carbon,입상활성탄,Than hoạt tính dạng hạt,1,24,,
46,Aqualife,Faucet filter,수도꼭지 필터,Lọc tại vòi,AQU-FAFI-0033,AQU-FAFI-0033,AQU-FAFI-0033,AQU-FAFI-0033,Consumable,AQU-FAFI-0033-PP10,"PP 10""","PP 10"" 침전 필터","Lõi PP 10""",1,6,,
47,Aqualife,Faucet filter,수도꼭지 필터,Lọc tại vòi,AQU-FAFI-0033,AQU-FAFI-0033,AQU-FAFI-0033,AQU-FAFI-0033,Consumable,AQU-FAFI-0033-CTO10,"CTO 10""","CTO 10"" 카본 필터","Lõi carbon CTO 10""",1,12,,
48,Aqualife,Faucet filter,수도꼭지 필터,Lọc tại vòi,AQU-FAFI-0033,AQU-FAFI-0033,AQU-FAFI-0033,AQU-FAFI-0033,Accessory,AQU-FAFI-0033-CLAMP,Saddle clamp,새들 클램프,Kẹp yên ngựa,1,,,Y
49,WaterMax,Commercial filtration,상업용 정수,Lọc nước thương mại,WAT-COFI-0101,WAT-COFI-0101,WAT-COFI-0101,WAT-COFI-0101,Consumable,WAT-COFI-0101-CTO10,"CTO 10""","CTO 10"" 카본 필터","Lõi carbon CTO 10""",1,12,,
50,WaterMax,Commercial filtration,상업용 정수,Lọc nước thương mại,WAT-COFI-0101,WAT-COFI-0101,WAT-COFI-0101,WAT-COFI-0101,Consumable,WAT-COFI-0101-UF10,"UF 10"" Membrane","UF 10"" 멤브레인","Màng UF 10""",1,24,,
51,WaterMax,Commercial filtration,상업용 정수,Lọc nước thương mại,WAT-COFI-0101,WAT-COFI-0101,WAT-COFI-0101,WAT-COFI-0101,Consumable,WAT-COFI-0101-RO75,RO 75GPD Membrane,RO 75GPD 멤브레인,Màng RO 75GPD,1,24,,
52,WaterMax,Commercial filtration,상업용 정수,Lọc nước thương mại,WAT-COFI-0101,WAT-COFI-0101,WAT-COFI-0101,WAT-COFI-0101,Accessory,WAT-COFI-0101-QC,Quick-connect fitting,퀵 커넥트 피팅,Khớp nối nhanh,1,,,Y
53,WaterMax,Commercial filtration,상업용 정수,Lọc nước thương mại,WAT-COFI-0102,WAT-COFI-0102,WAT-COFI-0102,WAT-COFI-0102,Consumable,WAT-COFI-0102-RO100,RO 100GPD Membrane,RO 100GPD 멤브레인,Màng RO 100GPD,1,24,,
54,WaterMax,Commercial filtration,상업용 정수,Lọc nước thương mại,WAT-COFI-0102,WAT-COFI-0102,WAT-COFI-0102,WAT-COFI-0102,Consumable,WAT-COFI-0102-POSTCARB,Post carbon polisher,포스트 카본 필터,Lõi carbon hậu lọc,1,18,,
55,WaterMax,Commercial filtration,상업용 정수,Lọc nước thương mại,WAT-COFI-0102,WAT-COFI-0102,WAT-COFI-0102,WAT-COFI-0102,Consumable,WAT-COFI-0102-MINERAL,Mineral cartridge,미네랄 카트리지,Hộp khoáng bổ sung,1,12,,
56,WaterMax,Commercial filtration,상업용 정수,Lọc nước thương mại,WAT-COFI-0102,WAT-COFI-0102,WAT-COFI-0102,WAT-COFI-0102,Accessory,WAT-COFI-0102-VALVE,Inlet shut-off valve,급수 차단 밸브,Van khóa cấp,1,,,Y
57,WaterMax,Commercial filtration,상업용 정수,Lọc nước thương mại,WAT-COFI-0103,WAT-COFI-0103,WAT-COFI-0103,WAT-COFI-0103,Consumable,WAT-COFI-0103-PRE,Pre-mesh filter,프리메쉬 필터,Lõi tiền lọc lưới,1,,every visit,
58,WaterMax,Commercial filtration,상업용 정수,Lọc nước thương mại,WAT-COFI-0103,WAT-COFI-0103,WAT-COFI-0103,WAT-COFI-0103,Consumable,WAT-COFI-0103-BIRM,Birm sediment media,비름 침전 미디어,Vật liệu Birm,1,36,,
59,WaterMax,Commercial filtration,상업용 정수,Lọc nước thương mại,WAT-COFI-0103,WAT-COFI-0103,WAT-COFI-0103,WAT-COFI-0103,Consumable,WAT-COFI-0103-GAC,Granular activated carbon,입상활성탄,Than hoạt tính dạng hạt,1,24,,
60,WaterMax,Commercial filtration,상업용 정수,Lọc nước thương mại,WAT-COFI-0103,WAT-COFI-0103,WAT-COFI-0103,WAT-COFI-0103,Accessory,WAT-COFI-0103-CLAMP,Saddle clamp,새들 클램프,Kẹp yên ngựa,1,,,Y
61,WaterMax,Under-sink purifier,싱크대 정수기,Máy lọc dưới bồn rửa,WAT-UNSI-0111,WAT-UNSI-0111,WAT-UNSI-0111,WAT-UNSI-0111,Consumable,WAT-UNSI-0111-UF10,"UF 10"" Membrane","UF 10"" 멤브레인","Màng UF 10""",1,24,,
62,WaterMax,Under-sink purifier,싱크대 정수기,Máy lọc dưới bồn rửa,WAT-UNSI-0111,WAT-UNSI-0111,WAT-UNSI-0111,WAT-UNSI-0111,Consumable,WAT-UNSI-0111-RO75,RO 75GPD Membrane,RO 75GPD 멤브레인,Màng RO 75GPD,1,24,,
63,WaterMax,Under-sink purifier,싱크대 정수기,Máy lọc dưới bồn rửa,WAT-UNSI-0111,WAT-UNSI-0111,WAT-UNSI-0111,WAT-UNSI-0111,Consumable,WAT-UNSI-0111-RO100,RO 100GPD Membrane,RO 100GPD 멤브레인,Màng RO 100GPD,1,24,,
64,WaterMax,Under-sink purifier,싱크대 정수기,Máy lọc dưới bồn rửa,WAT-UNSI-0111,WAT-UNSI-0111,WAT-UNSI-0111,WAT-UNSI-0111,Accessory,WAT-UNSI-0111-VALVE,Inlet shut-off valve,급수 차단 밸브,Van khóa cấp,1,,,Y
65,WaterMax,Under-sink purifier,싱크대 정수기,Máy lọc dưới bồn rửa,WAT-UNSI-0112,WAT-UNSI-0112,WAT-UNSI-0112,WAT-UNSI-0112,Consumable,WAT-UNSI-0112-POSTCARB,Post carbon polisher,포스트 카본 필터,Lõi carbon hậu lọc,1,18,,
66,WaterMax,Under-sink purifier,싱크대 정수기,Máy lọc dưới bồn rửa,WAT-UNSI-0112,WAT-UNSI-0112,WAT-UNSI-0112,WAT-UNSI-0112,Consumable,WAT-UNSI-0112-MINERAL,Mineral cartridge,미네랄 카트리지,Hộp khoáng bổ sung,1,12,,
67,WaterMax,Under-sink purifier,싱크대 정수기,Máy lọc dưới bồn rửa,WAT-UNSI-0112,WAT-UNSI-0112,WAT-UNSI-0112,WAT-UNSI-0112,Consumable,WAT-UNSI-0112-PRE,Pre-mesh filter,프리메쉬 필터,Lõi tiền lọc lưới,1,,every visit,
68,WaterMax,Under-sink purifier,싱크대 정수기,Máy lọc dưới bồn rửa,WAT-UNSI-0112,WAT-UNSI-0112,WAT-UNSI-0112,WAT-UNSI-0112,Accessory,WAT-UNSI-0112-CLAMP,Saddle clamp,새들 클램프,Kẹp yên ngựa,1,,,Y
69,WaterMax,Under-sink purifier,싱크대 정수기,Máy lọc dưới bồn rửa,WAT-UNSI-0113,WAT-UNSI-0113,WAT-UNSI-0113,WAT-UNSI-0113,Consumable,WAT-UNSI-0113-BIRM,Birm sediment media,비름 침전 미디어,Vật liệu Birm,1,36,,
70,WaterMax,Under-sink purifier,싱크대 정수기,Máy lọc dưới bồn rửa,WAT-UNSI-0113,WAT-UNSI-0113,WAT-UNSI-0113,WAT-UNSI-0113,Consumable,WAT-UNSI-0113-GAC,Granular activated carbon,입상활성탄,Than hoạt tính dạng hạt,1,24,,
71,WaterMax,Under-sink purifier,싱크대 정수기,Máy lọc dưới bồn rửa,WAT-UNSI-0113,WAT-UNSI-0113,WAT-UNSI-0113,WAT-UNSI-0113,Consumable,WAT-UNSI-0113-PP10,"PP 10""","PP 10"" 침전 필터","Lõi PP 10""",1,6,,
72,WaterMax,Under-sink purifier,싱크대 정수기,Máy lọc dưới bồn rửa,WAT-UNSI-0113,WAT-UNSI-0113,WAT-UNSI-0113,WAT-UNSI-0113,Accessory,WAT-UNSI-0113-BRKT,Wall mount bracket,벽 부착 브래킷,Giá treo tường,1,,,Y
73,WaterMax,Travel purifier,휴대용 정수기,Máy lọc du lịch,WAT-TRPU-0121,WAT-TRPU-0121,WAT-TRPU-0121,WAT-TRPU-0121,Consumable,WAT-TRPU-0121-RO75,RO 75GPD Membrane,RO 75GPD 멤브레인,Màng RO 75GPD,1,24,,
74,WaterMax,Travel purifier,휴대용 정수기,Máy lọc du lịch,WAT-TRPU-0121,WAT-TRPU-0121,WAT-TRPU-0121,WAT-TRPU-0121,Consumable,WAT-TRPU-0121-RO100,RO 100GPD Membrane,RO 100GPD 멤브레인,Màng RO 100GPD,1,24,,
75,WaterMax,Travel purifier,휴대용 정수기,Máy lọc du lịch,WAT-TRPU-0121,WAT-TRPU-0121,WAT-TRPU-0121,WAT-TRPU-0121,Consumable,WAT-TRPU-0121-POSTCARB,Post carbon polisher,포스트 카본 필터,Lõi carbon hậu lọc,1,18,,
76,WaterMax,Travel purifier,휴대용 정수기,Máy lọc du lịch,WAT-TRPU-0121,WAT-TRPU-0121,WAT-TRPU-0121,WAT-TRPU-0121,Accessory,WAT-TRPU-0121-CLAMP,Saddle clamp,새들 클램프,Kẹp yên ngựa,1,,,Y
77,WaterMax,Travel purifier,휴대용 정수기,Máy lọc du lịch,WAT-TRPU-0122,WAT-TRPU-0122,WAT-TRPU-0122,WAT-TRPU-0122,Consumable,WAT-TRPU-0122-MINERAL,Mineral cartridge,미네랄 카트리지,Hộp khoáng bổ sung,1,12,,
78,WaterMax,Travel purifier,휴대용 정수기,Máy lọc du lịch,WAT-TRPU-0122,WAT-TRPU-0122,WAT-TRPU-0122,WAT-TRPU-0122,Consumable,WAT-TRPU-0122-PRE,Pre-mesh filter,프리메쉬 필터,Lõi tiền lọc lưới,1,,every visit,
79,WaterMax,Travel purifier,휴대용 정수기,Máy lọc du lịch,WAT-TRPU-0122,WAT-TRPU-0122,WAT-TRPU-0122,WAT-TRPU-0122,Consumable,WAT-TRPU-0122-BIRM,Birm sediment media,비름 침전 미디어,Vật liệu Birm,1,36,,
80,WaterMax,Travel purifier,휴대용 정수기,Máy lọc du lịch,WAT-TRPU-0122,WAT-TRPU-0122,WAT-TRPU-0122,WAT-TRPU-0122,Accessory,WAT-TRPU-0122-BRKT,Wall mount bracket,벽 부착 브래킷,Giá treo tường,1,,,Y
81,WaterMax,Travel purifier,휴대용 정수기,Máy lọc du lịch,WAT-TRPU-0123,WAT-TRPU-0123,WAT-TRPU-0123,WAT-TRPU-0123,Consumable,WAT-TRPU-0123-GAC,Granular activated carbon,입상활성탄,Than hoạt tính dạng hạt,1,24,,
82,WaterMax,Travel purifier,휴대용 정수기,Máy lọc du lịch,WAT-TRPU-0123,WAT-TRPU-0123,WAT-TRPU-0123,WAT-TRPU-0123,Consumable,WAT-TRPU-0123-PP10,"PP 10""","PP 10"" 침전 필터","Lõi PP 10""",1,6,,
83,WaterMax,Travel purifier,휴대용 정수기,Máy lọc du lịch,WAT-TRPU-0123,WAT-TRPU-0123,WAT-TRPU-0123,WAT-TRPU-0123,Consumable,WAT-TRPU-0123-CTO10,"CTO 10""","CTO 10"" 카본 필터","Lõi carbon CTO 10""",1,12,,
84,WaterMax,Travel purifier,휴대용 정수기,Máy lọc du lịch,WAT-TRPU-0123,WAT-TRPU-0123,WAT-TRPU-0123,WAT-TRPU-0123,Accessory,WAT-TRPU-0123-UV,UV sterilizer add-on,UV 살균 어드온,Bộ tiệt trùng UV,1,,,N
85,WaterMax,Mineral water dispenser,미네랄 정수기,Máy lọc khoáng,WAT-MIWA-0131,WAT-MIWA-0131,WAT-MIWA-0131,WAT-MIWA-0131,Consumable,WAT-MIWA-0131-RO100,RO 100GPD Membrane,RO 100GPD 멤브레인,Màng RO 100GPD,1,24,,
86,WaterMax,Mineral water dispenser,미네랄 정수기,Máy lọc khoáng,WAT-MIWA-0131,WAT-MIWA-0131,WAT-MIWA-0131,WAT-MIWA-0131,Consumable,WAT-MIWA-0131-POSTCARB,Post carbon polisher,포스트 카본 필터,Lõi carbon hậu lọc,1,18,,
87,WaterMax,Mineral water dispenser,미네랄 정수기,Máy lọc khoáng,WAT-MIWA-0131,WAT-MIWA-0131,WAT-MIWA-0131,WAT-MIWA-0131,Consumable,WAT-MIWA-0131-MINERAL,Mineral cartridge,미네랄 카트리지,Hộp khoáng bổ sung,1,12,,
88,WaterMax,Mineral water dispenser,미네랄 정수기,Máy lọc khoáng,WAT-MIWA-0131,WAT-MIWA-0131,WAT-MIWA-0131,WAT-MIWA-0131,Accessory,WAT-MIWA-0131-BRKT,Wall mount bracket,벽 부착 브래킷,Giá treo tường,1,,,Y
89,WaterMax,Mineral water dispenser,미네랄 정수기,Máy lọc khoáng,WAT-MIWA-0132,WAT-MIWA-0132,WAT-MIWA-0132,WAT-MIWA-0132,Consumable,WAT-MIWA-0132-PRE,Pre-mesh filter,프리메쉬 필터,Lõi tiền lọc lưới,1,,every visit,
90,WaterMax,Mineral water dispenser,미네랄 정수기,Máy lọc khoáng,WAT-MIWA-0132,WAT-MIWA-0132,WAT-MIWA-0132,WAT-MIWA-0132,Consumable,WAT-MIWA-0132-BIRM,Birm sediment media,비름 침전 미디어,Vật liệu Birm,1,36,,
91,WaterMax,Mineral water dispenser,미네랄 정수기,Máy lọc khoáng,WAT-MIWA-0132,WAT-MIWA-0132,WAT-MIWA-0132,WAT-MIWA-0132,Consumable,WAT-MIWA-0132-GAC,Granular activated carbon,입상활성탄,Than hoạt tính dạng hạt,1,24,,
92,WaterMax,Mineral water dispenser,미네랄 정수기,Máy lọc khoáng,WAT-MIWA-0132,WAT-MIWA-0132,WAT-MIWA-0132,WAT-MIWA-0132,Accessory,WAT-MIWA-0132-UV,UV sterilizer add-on,UV 살균 어드온,Bộ tiệt trùng UV,1,,,N
93,WaterMax,Mineral water dispenser,미네랄 정수기,Máy lọc khoáng,WAT-MIWA-0133,WAT-MIWA-0133,WAT-MIWA-0133,WAT-MIWA-0133,Consumable,WAT-MIWA-0133-PP10,"PP 10""","PP 10"" 침전 필터","Lõi PP 10""",1,6,,
94,WaterMax,Mineral water dispenser,미네랄 정수기,Máy lọc khoáng,WAT-MIWA-0133,WAT-MIWA-0133,WAT-MIWA-0133,WAT-MIWA-0133,Consumable,WAT-MIWA-0133-CTO10,"CTO 10""","CTO 10"" 카본 필터","Lõi carbon CTO 10""",1,12,,
95,WaterMax,Mineral water dispenser,미네랄 정수기,Máy lọc khoáng,WAT-MIWA-0133,WAT-MIWA-0133,WAT-MIWA-0133,WAT-MIWA-0133,Consumable,WAT-MIWA-0133-UF10,"UF 10"" Membrane","UF 10"" 멤브레인","Màng UF 10""",1,24,,
96,WaterMax,Mineral water dispenser,미네랄 정수기,Máy lọc khoáng,WAT-MIWA-0133,WAT-MIWA-0133,WAT-MIWA-0133,WAT-MIWA-0133,Accessory,WAT-MIWA-0133-FCT,Goose-neck faucet,구즈넥 수전,Vòi cổ ngỗng,1,,,N
97,PureFlow,Outdoor camping purifier,캠핑용 정수기,Máy lọc cắm trại,PUR-OUCA-0201,PUR-OUCA-0201,PUR-OUCA-0201,PUR-OUCA-0201,Consumable,PUR-OUCA-0201-UF10,"UF 10"" Membrane","UF 10"" 멤브레인","Màng UF 10""",1,24,,
98,PureFlow,Outdoor camping purifier,캠핑용 정수기,Máy lọc cắm trại,PUR-OUCA-0201,PUR-OUCA-0201,PUR-OUCA-0201,PUR-OUCA-0201,Consumable,PUR-OUCA-0201-RO75,RO 75GPD Membrane,RO 75GPD 멤브레인,Màng RO 75GPD,1,24,,
99,PureFlow,Outdoor camping purifier,캠핑용 정수기,Máy lọc cắm trại,PUR-OUCA-0201,PUR-OUCA-0201,PUR-OUCA-0201,PUR-OUCA-0201,Consumable,PUR-OUCA-0201-RO100,RO 100GPD Membrane,RO 100GPD 멤브레인,Màng RO 100GPD,1,24,,
100,PureFlow,Outdoor camping purifier,캠핑용 정수기,Máy lọc cắm trại,PUR-OUCA-0201,PUR-OUCA-0201,PUR-OUCA-0201,PUR-OUCA-0201,Accessory,PUR-OUCA-0201-BRKT,Wall mount bracket,벽 부착 브래킷,Giá treo tường,1,,,Y
101,PureFlow,Outdoor camping purifier,캠핑용 정수기,Máy lọc cắm trại,PUR-OUCA-0202,PUR-OUCA-0202,PUR-OUCA-0202,PUR-OUCA-0202,Consumable,PUR-OUCA-0202-POSTCARB,Post carbon polisher,포스트 카본 필터,Lõi carbon hậu lọc,1,18,,
102,PureFlow,Outdoor camping purifier,캠핑용 정수기,Máy lọc cắm trại,PUR-OUCA-0202,PUR-OUCA-0202,PUR-OUCA-0202,PUR-OUCA-0202,Consumable,PUR-OUCA-0202-MINERAL,Mineral cartridge,미네랄 카트리지,Hộp khoáng bổ sung,1,12,,
103,PureFlow,Outdoor camping purifier,캠핑용 정수기,Máy lọc cắm trại,PUR-OUCA-0202,PUR-OUCA-0202,PUR-OUCA-0202,PUR-OUCA-0202,Consumable,PUR-OUCA-0202-PRE,Pre-mesh filter,프리메쉬 필터,Lõi tiền lọc lưới,1,,every visit,
104,PureFlow,Outdoor camping purifier,캠핑용 정수기,Máy lọc cắm trại,PUR-OUCA-0202,PUR-OUCA-0202,PUR-OUCA-0202,PUR-OUCA-0202,Accessory,PUR-OUCA-0202-UV,UV sterilizer add-on,UV 살균 어드온,Bộ tiệt trùng UV,1,,,N
105,PureFlow,Outdoor camping purifier,캠핑용 정수기,Máy lọc cắm trại,PUR-OUCA-0203,PUR-OUCA-0203,PUR-OUCA-0203,PUR-OUCA-0203,Consumable,PUR-OUCA-0203-BIRM,Birm sediment media,비름 침전 미디어,Vật liệu Birm,1,36,,
106,PureFlow,Outdoor camping purifier,캠핑용 정수기,Máy lọc cắm trại,PUR-OUCA-0203,PUR-OUCA-0203,PUR-OUCA-0203,PUR-OUCA-0203,Consumable,PUR-OUCA-0203-GAC,Granular activated carbon,입상활성탄,Than hoạt tính dạng hạt,1,24,,
107,PureFlow,Outdoor camping purifier,캠핑용 정수기,Máy lọc cắm trại,PUR-OUCA-0203,PUR-OUCA-0203,PUR-OUCA-0203,PUR-OUCA-0203,Consumable,PUR-OUCA-0203-PP10,"PP 10""","PP 10"" 침전 필터","Lõi PP 10""",1,6,,
108,PureFlow,Outdoor camping purifier,캠핑용 정수기,Máy lọc cắm trại,PUR-OUCA-0203,PUR-OUCA-0203,PUR-OUCA-0203,PUR-OUCA-0203,Accessory,PUR-OUCA-0203-FCT,Goose-neck faucet,구즈넥 수전,Vòi cổ ngỗng,1,,,N
109,PureFlow,Commercial filtration,상업용 정수,Lọc nước thương mại,PUR-COFI-0211,PUR-COFI-0211,PUR-COFI-0211,PUR-COFI-0211,Consumable,PUR-COFI-0211-RO75,RO 75GPD Membrane,RO 75GPD 멤브레인,Màng RO 75GPD,1,24,,
110,PureFlow,Commercial filtration,상업용 정수,Lọc nước thương mại,PUR-COFI-0211,PUR-COFI-0211,PUR-COFI-0211,PUR-COFI-0211,Consumable,PUR-COFI-0211-RO100,RO 100GPD Membrane,RO 100GPD 멤브레인,Màng RO 100GPD,1,24,,
111,PureFlow,Commercial filtration,상업용 정수,Lọc nước thương mại,PUR-COFI-0211,PUR-COFI-0211,PUR-COFI-0211,PUR-COFI-0211,Consumable,PUR-COFI-0211-POSTCARB,Post carbon polisher,포스트 카본 필터,Lõi carbon hậu lọc,1,18,,
112,PureFlow,Commercial filtration,상업용 정수,Lọc nước thương mại,PUR-COFI-0211,PUR-COFI-0211,PUR-COFI-0211,PUR-COFI-0211,Accessory,PUR-COFI-0211-UV,UV sterilizer add-on,UV 살균 어드온,Bộ tiệt trùng UV,1,,,N
113,PureFlow,Commercial filtration,상업용 정수,Lọc nước thương mại,PUR-COFI-0212,PUR-COFI-0212,PUR-COFI-0212,PUR-COFI-0212,Consumable,PUR-COFI-0212-MINERAL,Mineral cartridge,미네랄 카트리지,Hộp khoáng bổ sung,1,12,,
114,PureFlow,Commercial filtration,상업용 정수,Lọc nước thương mại,PUR-COFI-0212,PUR-COFI-0212,PUR-COFI-0212,PUR-COFI-0212,Consumable,PUR-COFI-0212-PRE,Pre-mesh filter,프리메쉬 필터,Lõi tiền lọc lưới,1,,every visit,
115,PureFlow,Commercial filtration,상업용 정수,Lọc nước thương mại,PUR-COFI-0212,PUR-COFI-0212,PUR-COFI-0212,PUR-COFI-0212,Consumable,PUR-COFI-0212-BIRM,Birm sediment media,비름 침전 미디어,Vật liệu Birm,1,36,,
116,PureFlow,Commercial filtration,상업용 정수,Lọc nước thương mại,PUR-COFI-0212,PUR-COFI-0212,PUR-COFI-0212,PUR-COFI-0212,Accessory,PUR-COFI-0212-FCT,Goose-neck faucet,구즈넥 수전,Vòi cổ ngỗng,1,,,N
117,PureFlow,Commercial filtration,상업용 정수,Lọc nước thương mại,PUR-COFI-0213,PUR-COFI-0213,PUR-COFI-0213,PUR-COFI-0213,Consumable,PUR-COFI-0213-GAC,Granular activated carbon,입상활성탄,Than hoạt tính dạng hạt,1,24,,
118,PureFlow,Commercial filtration,상업용 정수,Lọc nước thương mại,PUR-COFI-0213,PUR-COFI-0213,PUR-COFI-0213,PUR-COFI-0213,Consumable,PUR-COFI-0213-PP10,"PP 10""","PP 10"" 침전 필터","Lõi PP 10""",1,6,,
119,PureFlow,Commercial filtration,상업용 정수,Lọc nước thương mại,PUR-COFI-0213,PUR-COFI-0213,PUR-COFI-0213,PUR-COFI-0213,Consumable,PUR-COFI-0213-CTO10,"CTO 10""","CTO 10"" 카본 필터","Lõi carbon CTO 10""",1,12,,
120,PureFlow,Commercial filtration,상업용 정수,Lọc nước thương mại,PUR-COFI-0213,PUR-COFI-0213,PUR-COFI-0213,PUR-COFI-0213,Accessory,PUR-COFI-0213-TANK,3.2 gal pressure tank,3.2갤런 압력 탱크,Bình áp 3.2 gal,1,,,N
121,PureFlow,Under-sink purifier,싱크대 정수기,Máy lọc dưới bồn rửa,PUR-UNSI-0221,PUR-UNSI-0221,PUR-UNSI-0221,PUR-UNSI-0221,Consumable,PUR-UNSI-0221-RO100,RO 100GPD Membrane,RO 100GPD 멤브레인,Màng RO 100GPD,1,24,,
122,PureFlow,Under-sink purifier,싱크대 정수기,Máy lọc dưới bồn rửa,PUR-UNSI-0221,PUR-UNSI-0221,PUR-UNSI-0221,PUR-UNSI-0221,Consumable,PUR-UNSI-0221-POSTCARB,Post carbon polisher,포스트 카본 필터,Lõi carbon hậu lọc,1,18,,
123,PureFlow,Under-sink purifier,싱크대 정수기,Máy lọc dưới bồn rửa,PUR-UNSI-0221,PUR-UNSI-0221,PUR-UNSI-0221,PUR-UNSI-0221,Consumable,PUR-UNSI-0221-MINERAL,Mineral cartridge,미네랄 카트리지,Hộp khoáng bổ sung,1,12,,
124,PureFlow,Under-sink purifier,싱크대 정수기,Máy lọc dưới bồn rửa,PUR-UNSI-0221,PUR-UNSI-0221,PUR-UNSI-0221,PUR-UNSI-0221,Accessory,PUR-UNSI-0221-FCT,Goose-neck faucet,구즈넥 수전,Vòi cổ ngỗng,1,,,N
125,PureFlow,Under-sink purifier,싱크대 정수기,Máy lọc dưới bồn rửa,PUR-UNSI-0222,PUR-UNSI-0222,PUR-UNSI-0222,PUR-UNSI-0222,Consumable,PUR-UNSI-0222-PRE,Pre-mesh filter,프리메쉬 필터,Lõi tiền lọc lưới,1,,every visit,
126,PureFlow,Under-sink purifier,싱크대 정수기,Máy lọc dưới bồn rửa,PUR-UNSI-0222,PUR-UNSI-0222,PUR-UNSI-0222,PUR-UNSI-0222,Consumable,PUR-UNSI-0222-BIRM,Birm sediment media,비름 침전 미디어,Vật liệu Birm,1,36,,
127,PureFlow,Under-sink purifier,싱크대 정수기,Máy lọc dưới bồn rửa,PUR-UNSI-0222,PUR-UNSI-0222,PUR-UNSI-0222,PUR-UNSI-0222,Consumable,PUR-UNSI-0222-GAC,Granular activated carbon,입상활성탄,Than hoạt tính dạng hạt,1,24,,
128,PureFlow,Under-sink purifier,싱크대 정수기,Máy lọc dưới bồn rửa,PUR-UNSI-0222,PUR-UNSI-0222,PUR-UNSI-0222,PUR-UNSI-0222,Accessory,PUR-UNSI-0222-TANK,3.2 gal pressure tank,3.2갤런 압력 탱크,Bình áp 3.2 gal,1,,,N
129,PureFlow,Under-sink purifier,싱크대 정수기,Máy lọc dưới bồn rửa,PUR-UNSI-0223,PUR-UNSI-0223,PUR-UNSI-0223,PUR-UNSI-0223,Consumable,PUR-UNSI-0223-PP10,"PP 10""","PP 10"" 침전 필터","Lõi PP 10""",1,6,,
130,PureFlow,Under-sink purifier,싱크대 정수기,Máy lọc dưới bồn rửa,PUR-UNSI-0223,PUR-UNSI-0223,PUR-UNSI-0223,PUR-UNSI-0223,Consumable,PUR-UNSI-0223-CTO10,"CTO 10""","CTO 10"" 카본 필터","Lõi carbon CTO 10""",1,12,,
131,PureFlow,Under-sink purifier,싱크대 정수기,Máy lọc dưới bồn rửa,PUR-UNSI-0223,PUR-UNSI-0223,PUR-UNSI-0223,PUR-UNSI-0223,Consumable,PUR-UNSI-0223-UF10,"UF 10"" Membrane","UF 10"" 멤브레인","Màng UF 10""",1,24,,
132,PureFlow,Under-sink purifier,싱크대 정수기,Máy lọc dưới bồn rửa,PUR-UNSI-0223,PUR-UNSI-0223,PUR-UNSI-0223,PUR-UNSI-0223,Accessory,PUR-UNSI-0223-HOSE1,Tubing 1m (white),튜브 호스 1m (흰색),Ống 1m (trắng),1,,,Y
133,PureFlow,Travel purifier,휴대용 정수기,Máy lọc du lịch,PUR-TRPU-0231,PUR-TRPU-0231,PUR-TRPU-0231,PUR-TRPU-0231,Consumable,PUR-TRPU-0231-POSTCARB,Post carbon polisher,포스트 카본 필터,Lõi carbon hậu lọc,1,18,,
134,PureFlow,Travel purifier,휴대용 정수기,Máy lọc du lịch,PUR-TRPU-0231,PUR-TRPU-0231,PUR-TRPU-0231,PUR-TRPU-0231,Consumable,PUR-TRPU-0231-MINERAL,Mineral cartridge,미네랄 카트리지,Hộp khoáng bổ sung,1,12,,
135,PureFlow,Travel purifier,휴대용 정수기,Máy lọc du lịch,PUR-TRPU-0231,PUR-TRPU-0231,PUR-TRPU-0231,PUR-TRPU-0231,Consumable,PUR-TRPU-0231-PRE,Pre-mesh filter,프리메쉬 필터,Lõi tiền lọc lưới,1,,every visit,
136,PureFlow,Travel purifier,휴대용 정수기,Máy lọc du lịch,PUR-TRPU-0231,PUR-TRPU-0231,PUR-TRPU-0231,PUR-TRPU-0231,Accessory,PUR-TRPU-0231-TANK,3.2 gal pressure tank,3.2갤런 압력 탱크,Bình áp 3.2 gal,1,,,N
137,PureFlow,Travel purifier,휴대용 정수기,Máy lọc du lịch,PUR-TRPU-0232,PUR-TRPU-0232,PUR-TRPU-0232,PUR-TRPU-0232,Consumable,PUR-TRPU-0232-BIRM,Birm sediment media,비름 침전 미디어,Vật liệu Birm,1,36,,
138,PureFlow,Travel purifier,휴대용 정수기,Máy lọc du lịch,PUR-TRPU-0232,PUR-TRPU-0232,PUR-TRPU-0232,PUR-TRPU-0232,Consumable,PUR-TRPU-0232-GAC,Granular activated carbon,입상활성탄,Than hoạt tính dạng hạt,1,24,,
139,PureFlow,Travel purifier,휴대용 정수기,Máy lọc du lịch,PUR-TRPU-0232,PUR-TRPU-0232,PUR-TRPU-0232,PUR-TRPU-0232,Consumable,PUR-TRPU-0232-PP10,"PP 10""","PP 10"" 침전 필터","Lõi PP 10""",1,6,,
140,PureFlow,Travel purifier,휴대용 정수기,Máy lọc du lịch,PUR-TRPU-0232,PUR-TRPU-0232,PUR-TRPU-0232,PUR-TRPU-0232,Accessory,PUR-TRPU-0232-HOSE1,Tubing 1m (white),튜브 호스 1m (흰색),Ống 1m (trắng),1,,,Y
141,PureFlow,Travel purifier,휴대용 정수기,Máy lọc du lịch,PUR-TRPU-0233,PUR-TRPU-0233,PUR-TRPU-0233,PUR-TRPU-0233,Consumable,PUR-TRPU-0233-CTO10,"CTO 10""","CTO 10"" 카본 필터","Lõi carbon CTO 10""",1,12,,
142,PureFlow,Travel purifier,휴대용 정수기,Máy lọc du lịch,PUR-TRPU-0233,PUR-TRPU-0233,PUR-TRPU-0233,PUR-TRPU-0233,Consumable,PUR-TRPU-0233-UF10,"UF 10"" Membrane","UF 10"" 멤브레인","Màng UF 10""",1,24,,
143,PureFlow,Travel purifier,휴대용 정수기,Máy lọc du lịch,PUR-TRPU-0233,PUR-TRPU-0233,PUR-TRPU-0233,PUR-TRPU-0233,Consumable,PUR-TRPU-0233-RO75,RO 75GPD Membrane,RO 75GPD 멤브레인,Màng RO 75GPD,1,24,,
144,PureFlow,Travel purifier,휴대용 정수기,Máy lọc du lịch,PUR-TRPU-0233,PUR-TRPU-0233,PUR-TRPU-0233,PUR-TRPU-0233,Accessory,PUR-TRPU-0233-QC,Quick-connect fitting,퀵 커넥트 피팅,Khớp nối nhanh,1,,,Y
145,VietPure,Whole-house filter,전체 가정용 필터,Bộ lọc cả nhà,VIE-WHHO-0301,VIE-WHHO-0301,VIE-WHHO-0301,VIE-WHHO-0301,Consumable,VIE-WHHO-0301-RO75,RO 75GPD Membrane,RO 75GPD 멤브레인,Màng RO 75GPD,1,24,,
146,VietPure,Whole-house filter,전체 가정용 필터,Bộ lọc cả nhà,VIE-WHHO-0301,VIE-WHHO-0301,VIE-WHHO-0301,VIE-WHHO-0301,Consumable,VIE-WHHO-0301-RO100,RO 100GPD Membrane,RO 100GPD 멤브레인,Màng RO 100GPD,1,24,,
147,VietPure,Whole-house filter,전체 가정용 필터,Bộ lọc cả nhà,VIE-WHHO-0301,VIE-WHHO-0301,VIE-WHHO-0301,VIE-WHHO-0301,Consumable,VIE-WHHO-0301-POSTCARB,Post carbon polisher,포스트 카본 필터,Lõi carbon hậu lọc,1,18,,
148,VietPure,Whole-house filter,전체 가정용 필터,Bộ lọc cả nhà,VIE-WHHO-0301,VIE-WHHO-0301,VIE-WHHO-0301,VIE-WHHO-0301,Accessory,VIE-WHHO-0301-TANK,3.2 gal pressure tank,3.2갤런 압력 탱크,Bình áp 3.2 gal,1,,,N
149,VietPure,Whole-house filter,전체 가정용 필터,Bộ lọc cả nhà,VIE-WHHO-0302,VIE-WHHO-0302,VIE-WHHO-0302,VIE-WHHO-0302,Consumable,VIE-WHHO-0302-MINERAL,Mineral cartridge,미네랄 카트리지,Hộp khoáng bổ sung,1,12,,
150,VietPure,Whole-house filter,전체 가정용 필터,Bộ lọc cả nhà,VIE-WHHO-0302,VIE-WHHO-0302,VIE-WHHO-0302,VIE-WHHO-0302,Consumable,VIE-WHHO-0302-PRE,Pre-mesh filter,프리메쉬 필터,Lõi tiền lọc lưới,1,,every visit,
151,VietPure,Whole-house filter,전체 가정용 필터,Bộ lọc cả nhà,VIE-WHHO-0302,VIE-WHHO-0302,VIE-WHHO-0302,VIE-WHHO-0302,Consumable,VIE-WHHO-0302-BIRM,Birm sediment media,비름 침전 미디어,Vật liệu Birm,1,36,,
152,VietPure,Whole-house filter,전체 가정용 필터,Bộ lọc cả nhà,VIE-WHHO-0302,VIE-WHHO-0302,VIE-WHHO-0302,VIE-WHHO-0302,Accessory,VIE-WHHO-0302-HOSE1,Tubing 1m (white),튜브 호스 1m (흰색),Ống 1m (trắng),1,,,Y
153,VietPure,Whole-house filter,전체 가정용 필터,Bộ lọc cả nhà,VIE-WHHO-0303,VIE-WHHO-0303,VIE-WHHO-0303,VIE-WHHO-0303,Consumable,VIE-WHHO-0303-GAC,Granular activated carbon,입상활성탄,Than hoạt tính dạng hạt,1,24,,
154,VietPure,Whole-house filter,전체 가정용 필터,Bộ lọc cả nhà,VIE-WHHO-0303,VIE-WHHO-0303,VIE-WHHO-0303,VIE-WHHO-0303,Consumable,VIE-WHHO-0303-PP10,"PP 10""","PP 10"" 침전 필터","Lõi PP 10""",1,6,,
155,VietPure,Whole-house filter,전체 가정용 필터,Bộ lọc cả nhà,VIE-WHHO-0303,VIE-WHHO-0303,VIE-WHHO-0303,VIE-WHHO-0303,Consumable,VIE-WHHO-0303-CTO10,"CTO 10""","CTO 10"" 카본 필터","Lõi carbon CTO 10""",1,12,,
156,VietPure,Whole-house filter,전체 가정용 필터,Bộ lọc cả nhà,VIE-WHHO-0303,VIE-WHHO-0303,VIE-WHHO-0303,VIE-WHHO-0303,Accessory,VIE-WHHO-0303-QC,Quick-connect fitting,퀵 커넥트 피팅,Khớp nối nhanh,1,,,Y
157,VietPure,Outdoor camping purifier,캠핑용 정수기,Máy lọc cắm trại,VIE-OUCA-0311,VIE-OUCA-0311,VIE-OUCA-0311,VIE-OUCA-0311,Consumable,VIE-OUCA-0311-RO100,RO 100GPD Membrane,RO 100GPD 멤브레인,Màng RO 100GPD,1,24,,
158,VietPure,Outdoor camping purifier,캠핑용 정수기,Máy lọc cắm trại,VIE-OUCA-0311,VIE-OUCA-0311,VIE-OUCA-0311,VIE-OUCA-0311,Consumable,VIE-OUCA-0311-POSTCARB,Post carbon polisher,포스트 카본 필터,Lõi carbon hậu lọc,1,18,,
159,VietPure,Outdoor camping purifier,캠핑용 정수기,Máy lọc cắm trại,VIE-OUCA-0311,VIE-OUCA-0311,VIE-OUCA-0311,VIE-OUCA-0311,Consumable,VIE-OUCA-0311-MINERAL,Mineral cartridge,미네랄 카트리지,Hộp khoáng bổ sung,1,12,,
160,VietPure,Outdoor camping purifier,캠핑용 정수기,Máy lọc cắm trại,VIE-OUCA-0311,VIE-OUCA-0311,VIE-OUCA-0311,VIE-OUCA-0311,Accessory,VIE-OUCA-0311-HOSE1,Tubing 1m (white),튜브 호스 1m (흰색),Ống 1m (trắng),1,,,Y
161,VietPure,Outdoor camping purifier,캠핑용 정수기,Máy lọc cắm trại,VIE-OUCA-0312,VIE-OUCA-0312,VIE-OUCA-0312,VIE-OUCA-0312,Consumable,VIE-OUCA-0312-PRE,Pre-mesh filter,프리메쉬 필터,Lõi tiền lọc lưới,1,,every visit,
162,VietPure,Outdoor camping purifier,캠핑용 정수기,Máy lọc cắm trại,VIE-OUCA-0312,VIE-OUCA-0312,VIE-OUCA-0312,VIE-OUCA-0312,Consumable,VIE-OUCA-0312-BIRM,Birm sediment media,비름 침전 미디어,Vật liệu Birm,1,36,,
163,VietPure,Outdoor camping purifier,캠핑용 정수기,Máy lọc cắm trại,VIE-OUCA-0312,VIE-OUCA-0312,VIE-OUCA-0312,VIE-OUCA-0312,Consumable,VIE-OUCA-0312-GAC,Granular activated carbon,입상활성탄,Than hoạt tính dạng hạt,1,24,,
164,VietPure,Outdoor camping purifier,캠핑용 정수기,Máy lọc cắm trại,VIE-OUCA-0312,VIE-OUCA-0312,VIE-OUCA-0312,VIE-OUCA-0312,Accessory,VIE-OUCA-0312-QC,Quick-connect fitting,퀵 커넥트 피팅,Khớp nối nhanh,1,,,Y
165,VietPure,Outdoor camping purifier,캠핑용 정수기,Máy lọc cắm trại,VIE-OUCA-0313,VIE-OUCA-0313,VIE-OUCA-0313,VIE-OUCA-0313,Consumable,VIE-OUCA-0313-PP10,"PP 10""","PP 10"" 침전 필터","Lõi PP 10""",1,6,,
166,VietPure,Outdoor camping purifier,캠핑용 정수기,Máy lọc cắm trại,VIE-OUCA-0313,VIE-OUCA-0313,VIE-OUCA-0313,VIE-OUCA-0313,Consumable,VIE-OUCA-0313-CTO10,"CTO 10""","CTO 10"" 카본 필터","Lõi carbon CTO 10""",1,12,,
167,VietPure,Outdoor camping purifier,캠핑용 정수기,Máy lọc cắm trại,VIE-OUCA-0313,VIE-OUCA-0313,VIE-OUCA-0313,VIE-OUCA-0313,Consumable,VIE-OUCA-0313-UF10,"UF 10"" Membrane","UF 10"" 멤브레인","Màng UF 10""",1,24,,
168,VietPure,Outdoor camping purifier,캠핑용 정수기,Máy lọc cắm trại,VIE-OUCA-0313,VIE-OUCA-0313,VIE-OUCA-0313,VIE-OUCA-0313,Accessory,VIE-OUCA-0313-VALVE,Inlet shut-off valve,급수 차단 밸브,Van khóa cấp,1,,,Y
169,VietPure,Commercial filtration,상업용 정수,Lọc nước thương mại,VIE-COFI-0321,VIE-COFI-0321,VIE-COFI-0321,VIE-COFI-0321,Consumable,VIE-COFI-0321-POSTCARB,Post carbon polisher,포스트 카본 필터,Lõi carbon hậu lọc,1,18,,
170,VietPure,Commercial filtration,상업용 정수,Lọc nước thương mại,VIE-COFI-0321,VIE-COFI-0321,VIE-COFI-0321,VIE-COFI-0321,Consumable,VIE-COFI-0321-MINERAL,Mineral cartridge,미네랄 카트리지,Hộp khoáng bổ sung,1,12,,
171,VietPure,Commercial filtration,상업용 정수,Lọc nước thương mại,VIE-COFI-0321,VIE-COFI-0321,VIE-COFI-0321,VIE-COFI-0321,Consumable,VIE-COFI-0321-PRE,Pre-mesh filter,프리메쉬 필터,Lõi tiền lọc lưới,1,,every visit,
172,VietPure,Commercial filtration,상업용 정수,Lọc nước thương mại,VIE-COFI-0321,VIE-COFI-0321,VIE-COFI-0321,VIE-COFI-0321,Accessory,VIE-COFI-0321-QC,Quick-connect fitting,퀵 커넥트 피팅,Khớp nối nhanh,1,,,Y
173,VietPure,Commercial filtration,상업용 정수,Lọc nước thương mại,VIE-COFI-0322,VIE-COFI-0322,VIE-COFI-0322,VIE-COFI-0322,Consumable,VIE-COFI-0322-BIRM,Birm sediment media,비름 침전 미디어,Vật liệu Birm,1,36,,
174,VietPure,Commercial filtration,상업용 정수,Lọc nước thương mại,VIE-COFI-0322,VIE-COFI-0322,VIE-COFI-0322,VIE-COFI-0322,Consumable,VIE-COFI-0322-GAC,Granular activated carbon,입상활성탄,Than hoạt tính dạng hạt,1,24,,
175,VietPure,Commercial filtration,상업용 정수,Lọc nước thương mại,VIE-COFI-0322,VIE-COFI-0322,VIE-COFI-0322,VIE-COFI-0322,Consumable,VIE-COFI-0322-PP10,"PP 10""","PP 10"" 침전 필터","Lõi PP 10""",1,6,,
176,VietPure,Commercial filtration,상업용 정수,Lọc nước thương mại,VIE-COFI-0322,VIE-COFI-0322,VIE-COFI-0322,VIE-COFI-0322,Accessory,VIE-COFI-0322-VALVE,Inlet shut-off valve,급수 차단 밸브,Van khóa cấp,1,,,Y
177,VietPure,Commercial filtration,상업용 정수,Lọc nước thương mại,VIE-COFI-0323,VIE-COFI-0323,VIE-COFI-0323,VIE-COFI-0323,Consumable,VIE-COFI-0323-CTO10,"CTO 10""","CTO 10"" 카본 필터","Lõi carbon CTO 10""",1,12,,
178,VietPure,Commercial filtration,상업용 정수,Lọc nước thương mại,VIE-COFI-0323,VIE-COFI-0323,VIE-COFI-0323,VIE-COFI-0323,Consumable,VIE-COFI-0323-UF10,"UF 10"" Membrane","UF 10"" 멤브레인","Màng UF 10""",1,24,,
179,VietPure,Commercial filtration,상업용 정수,Lọc nước thương mại,VIE-COFI-0323,VIE-COFI-0323,VIE-COFI-0323,VIE-COFI-0323,Consumable,VIE-COFI-0323-RO75,RO 75GPD Membrane,RO 75GPD 멤브레인,Màng RO 75GPD,1,24,,
180,VietPure,Commercial filtration,상업용 정수,Lọc nước thương mại,VIE-COFI-0323,VIE-COFI-0323,VIE-COFI-0323,VIE-COFI-0323,Accessory,VIE-COFI-0323-CLAMP,Saddle clamp,새들 클램프,Kẹp yên ngựa,1,,,Y
181,VietPure,Under-sink purifier,싱크대 정수기,Máy lọc dưới bồn rửa,VIE-UNSI-0331,VIE-UNSI-0331,VIE-UNSI-0331,VIE-UNSI-0331,Consumable,VIE-UNSI-0331-MINERAL,Mineral cartridge,미네랄 카트리지,Hộp khoáng bổ sung,1,12,,
182,VietPure,Under-sink purifier,싱크대 정수기,Máy lọc dưới bồn rửa,VIE-UNSI-0331,VIE-UNSI-0331,VIE-UNSI-0331,VIE-UNSI-0331,Consumable,VIE-UNSI-0331-PRE,Pre-mesh filter,프리메쉬 필터,Lõi tiền lọc lưới,1,,every visit,
183,VietPure,Under-sink purifier,싱크대 정수기,Máy lọc dưới bồn rửa,VIE-UNSI-0331,VIE-UNSI-0331,VIE-UNSI-0331,VIE-UNSI-0331,Consumable,VIE-UNSI-0331-BIRM,Birm sediment media,비름 침전 미디어,Vật liệu Birm,1,36,,
184,VietPure,Under-sink purifier,싱크대 정수기,Máy lọc dưới bồn rửa,VIE-UNSI-0331,VIE-UNSI-0331,VIE-UNSI-0331,VIE-UNSI-0331,Accessory,VIE-UNSI-0331-VALVE,Inlet shut-off valve,급수 차단 밸브,Van khóa cấp,1,,,Y
185,VietPure,Under-sink purifier,싱크대 정수기,Máy lọc dưới bồn rửa,VIE-UNSI-0332,VIE-UNSI-0332,VIE-UNSI-0332,VIE-UNSI-0332,Consumable,VIE-UNSI-0332-GAC,Granular activated carbon,입상활성탄,Than hoạt tính dạng hạt,1,24,,
186,VietPure,Under-sink purifier,싱크대 정수기,Máy lọc dưới bồn rửa,VIE-UNSI-0332,VIE-UNSI-0332,VIE-UNSI-0332,VIE-UNSI-0332,Consumable,VIE-UNSI-0332-PP10,"PP 10""","PP 10"" 침전 필터","Lõi PP 10""",1,6,,
187,VietPure,Under-sink purifier,싱크대 정수기,Máy lọc dưới bồn rửa,VIE-UNSI-0332,VIE-UNSI-0332,VIE-UNSI-0332,VIE-UNSI-0332,Consumable,VIE-UNSI-0332-CTO10,"CTO 10""","CTO 10"" 카본 필터","Lõi carbon CTO 10""",1,12,,
188,VietPure,Under-sink purifier,싱크대 정수기,Máy lọc dưới bồn rửa,VIE-UNSI-0332,VIE-UNSI-0332,VIE-UNSI-0332,VIE-UNSI-0332,Accessory,VIE-UNSI-0332-CLAMP,Saddle clamp,새들 클램프,Kẹp yên ngựa,1,,,Y
189,VietPure,Under-sink purifier,싱크대 정수기,Máy lọc dưới bồn rửa,VIE-UNSI-0333,VIE-UNSI-0333,VIE-UNSI-0333,VIE-UNSI-0333,Consumable,VIE-UNSI-0333-UF10,"UF 10"" Membrane","UF 10"" 멤브레인","Màng UF 10""",1,24,,
190,VietPure,Under-sink purifier,싱크대 정수기,Máy lọc dưới bồn rửa,VIE-UNSI-0333,VIE-UNSI-0333,VIE-UNSI-0333,VIE-UNSI-0333,Consumable,VIE-UNSI-0333-RO75,RO 75GPD Membrane,RO 75GPD 멤브레인,Màng RO 75GPD,1,24,,
191,VietPure,Under-sink purifier,싱크대 정수기,Máy lọc dưới bồn rửa,VIE-UNSI-0333,VIE-UNSI-0333,VIE-UNSI-0333,VIE-UNSI-0333,Consumable,VIE-UNSI-0333-RO100,RO 100GPD Membrane,RO 100GPD 멤브레인,Màng RO 100GPD,1,24,,
192,VietPure,Under-sink purifier,싱크대 정수기,Máy lọc dưới bồn rửa,VIE-UNSI-0333,VIE-UNSI-0333,VIE-UNSI-0333,VIE-UNSI-0333,Accessory,VIE-UNSI-0333-BRKT,Wall mount bracket,벽 부착 브래킷,Giá treo tường,1,,,Y
193,EcoFilter,Refrigerator water line,냉장고 정수 라인,Đường nước tủ lạnh,ECO-REWA-0401,ECO-REWA-0401,ECO-REWA-0401,ECO-REWA-0401,Consumable,ECO-REWA-0401-RO100,RO 100GPD Membrane,RO 100GPD 멤브레인,Màng RO 100GPD,1,24,,
194,EcoFilter,Refrigerator water line,냉장고 정수 라인,Đường nước tủ lạnh,ECO-REWA-0401,ECO-REWA-0401,ECO-REWA-0401,ECO-REWA-0401,Consumable,ECO-REWA-0401-POSTCARB,Post carbon polisher,포스트 카본 필터,Lõi carbon hậu lọc,1,18,,
195,EcoFilter,Refrigerator water line,냉장고 정수 라인,Đường nước tủ lạnh,ECO-REWA-0401,ECO-REWA-0401,ECO-REWA-0401,ECO-REWA-0401,Consumable,ECO-REWA-0401-MINERAL,Mineral cartridge,미네랄 카트리지,Hộp khoáng bổ sung,1,12,,
196,EcoFilter,Refrigerator water line,냉장고 정수 라인,Đường nước tủ lạnh,ECO-REWA-0401,ECO-REWA-0401,ECO-REWA-0401,ECO-REWA-0401,Accessory,ECO-REWA-0401-VALVE,Inlet shut-off valve,급수 차단 밸브,Van khóa cấp,1,,,Y
197,EcoFilter,Refrigerator water line,냉장고 정수 라인,Đường nước tủ lạnh,ECO-REWA-0402,ECO-REWA-0402,ECO-REWA-0402,ECO-REWA-0402,Consumable,ECO-REWA-0402-PRE,Pre-mesh filter,프리메쉬 필터,Lõi tiền lọc lưới,1,,every visit,
198,EcoFilter,Refrigerator water line,냉장고 정수 라인,Đường nước tủ lạnh,ECO-REWA-0402,ECO-REWA-0402,ECO-REWA-0402,ECO-REWA-0402,Consumable,ECO-REWA-0402-BIRM,Birm sediment media,비름 침전 미디어,Vật liệu Birm,1,36,,
199,EcoFilter,Refrigerator water line,냉장고 정수 라인,Đường nước tủ lạnh,ECO-REWA-0402,ECO-REWA-0402,ECO-REWA-0402,ECO-REWA-0402,Consumable,ECO-REWA-0402-GAC,Granular activated carbon,입상활성탄,Than hoạt tính dạng hạt,1,24,,
200,EcoFilter,Refrigerator water line,냉장고 정수 라인,Đường nước tủ lạnh,ECO-REWA-0402,ECO-REWA-0402,ECO-REWA-0402,ECO-REWA-0402,Accessory,ECO-REWA-0402-CLAMP,Saddle clamp,새들 클램프,Kẹp yên ngựa,1,,,Y
201,EcoFilter,Refrigerator water line,냉장고 정수 라인,Đường nước tủ lạnh,ECO-REWA-0403,ECO-REWA-0403,ECO-REWA-0403,ECO-REWA-0403,Consumable,ECO-REWA-0403-PP10,"PP 10""","PP 10"" 침전 필터","Lõi PP 10""",1,6,,
202,EcoFilter,Refrigerator water line,냉장고 정수 라인,Đường nước tủ lạnh,ECO-REWA-0403,ECO-REWA-0403,ECO-REWA-0403,ECO-REWA-0403,Consumable,ECO-REWA-0403-CTO10,"CTO 10""","CTO 10"" 카본 필터","Lõi carbon CTO 10""",1,12,,
203,EcoFilter,Refrigerator water line,냉장고 정수 라인,Đường nước tủ lạnh,ECO-REWA-0403,ECO-REWA-0403,ECO-REWA-0403,ECO-REWA-0403,Consumable,ECO-REWA-0403-UF10,"UF 10"" Membrane","UF 10"" 멤브레인","Màng UF 10""",1,24,,
204,EcoFilter,Refrigerator water line,냉장고 정수 라인,Đường nước tủ lạnh,ECO-REWA-0403,ECO-REWA-0403,ECO-REWA-0403,ECO-REWA-0403,Accessory,ECO-REWA-0403-BRKT,Wall mount bracket,벽 부착 브래킷,Giá treo tường,1,,,Y
205,EcoFilter,Whole-house filter,전체 가정용 필터,Bộ lọc cả nhà,ECO-WHHO-0411,ECO-WHHO-0411,ECO-WHHO-0411,ECO-WHHO-0411,Consumable,ECO-WHHO-0411-POSTCARB,Post carbon polisher,포스트 카본 필터,Lõi carbon hậu lọc,1,18,,
206,EcoFilter,Whole-house filter,전체 가정용 필터,Bộ lọc cả nhà,ECO-WHHO-0411,ECO-WHHO-0411,ECO-WHHO-0411,ECO-WHHO-0411,Consumable,ECO-WHHO-0411-MINERAL,Mineral cartridge,미네랄 카트리지,Hộp khoáng bổ sung,1,12,,
207,EcoFilter,Whole-house filter,전체 가정용 필터,Bộ lọc cả nhà,ECO-WHHO-0411,ECO-WHHO-0411,ECO-WHHO-0411,ECO-WHHO-0411,Consumable,ECO-WHHO-0411-PRE,Pre-mesh filter,프리메쉬 필터,Lõi tiền lọc lưới,1,,every visit,
208,EcoFilter,Whole-house filter,전체 가정용 필터,Bộ lọc cả nhà,ECO-WHHO-0411,ECO-WHHO-0411,ECO-WHHO-0411,ECO-WHHO-0411,Accessory,ECO-WHHO-0411-CLAMP,Saddle clamp,새들 클램프,Kẹp yên ngựa,1,,,Y
209,EcoFilter,Whole-house filter,전체 가정용 필터,Bộ lọc cả nhà,ECO-WHHO-0412,ECO-WHHO-0412,ECO-WHHO-0412,ECO-WHHO-0412,Consumable,ECO-WHHO-0412-BIRM,Birm sediment media,비름 침전 미디어,Vật liệu Birm,1,36,,
210,EcoFilter,Whole-house filter,전체 가정용 필터,Bộ lọc cả nhà,ECO-WHHO-0412,ECO-WHHO-0412,ECO-WHHO-0412,ECO-WHHO-0412,Consumable,ECO-WHHO-0412-GAC,Granular activated carbon,입상활성탄,Than hoạt tính dạng hạt,1,24,,
211,EcoFilter,Whole-house filter,전체 가정용 필터,Bộ lọc cả nhà,ECO-WHHO-0412,ECO-WHHO-0412,ECO-WHHO-0412,ECO-WHHO-0412,Consumable,ECO-WHHO-0412-PP10,"PP 10""","PP 10"" 침전 필터","Lõi PP 10""",1,6,,
212,EcoFilter,Whole-house filter,전체 가정용 필터,Bộ lọc cả nhà,ECO-WHHO-0412,ECO-WHHO-0412,ECO-WHHO-0412,ECO-WHHO-0412,Accessory,ECO-WHHO-0412-BRKT,Wall mount bracket,벽 부착 브래킷,Giá treo tường,1,,,Y
213,EcoFilter,Whole-house filter,전체 가정용 필터,Bộ lọc cả nhà,ECO-WHHO-0413,ECO-WHHO-0413,ECO-WHHO-0413,ECO-WHHO-0413,Consumable,ECO-WHHO-0413-CTO10,"CTO 10""","CTO 10"" 카본 필터","Lõi carbon CTO 10""",1,12,,
214,EcoFilter,Whole-house filter,전체 가정용 필터,Bộ lọc cả nhà,ECO-WHHO-0413,ECO-WHHO-0413,ECO-WHHO-0413,ECO-WHHO-0413,Consumable,ECO-WHHO-0413-UF10,"UF 10"" Membrane","UF 10"" 멤브레인","Màng UF 10""",1,24,,
215,EcoFilter,Whole-house filter,전체 가정용 필터,Bộ lọc cả nhà,ECO-WHHO-0413,ECO-WHHO-0413,ECO-WHHO-0413,ECO-WHHO-0413,Consumable,ECO-WHHO-0413-RO75,RO 75GPD Membrane,RO 75GPD 멤브레인,Màng RO 75GPD,1,24,,
216,EcoFilter,Whole-house filter,전체 가정용 필터,Bộ lọc cả nhà,ECO-WHHO-0413,ECO-WHHO-0413,ECO-WHHO-0413,ECO-WHHO-0413,Accessory,ECO-WHHO-0413-UV,UV sterilizer add-on,UV 살균 어드온,Bộ tiệt trùng UV,1,,,N
217,EcoFilter,Outdoor camping purifier,캠핑용 정수기,Máy lọc cắm trại,ECO-OUCA-0421,ECO-OUCA-0421,ECO-OUCA-0421,ECO-OUCA-0421,Consumable,ECO-OUCA-0421-MINERAL,Mineral cartridge,미네랄 카트리지,Hộp khoáng bổ sung,1,12,,
218,EcoFilter,Outdoor camping purifier,캠핑용 정수기,Máy lọc cắm trại,ECO-OUCA-0421,ECO-OUCA-0421,ECO-OUCA-0421,ECO-OUCA-0421,Consumable,ECO-OUCA-0421-PRE,Pre-mesh filter,프리메쉬 필터,Lõi tiền lọc lưới,1,,every visit,
219,EcoFilter,Outdoor camping purifier,캠핑용 정수기,Máy lọc cắm trại,ECO-OUCA-0421,ECO-OUCA-0421,ECO-OUCA-0421,ECO-OUCA-0421,Consumable,ECO-OUCA-0421-BIRM,Birm sediment media,비름 침전 미디어,Vật liệu Birm,1,36,,
220,EcoFilter,Outdoor camping purifier,캠핑용 정수기,Máy lọc cắm trại,ECO-OUCA-0421,ECO-OUCA-0421,ECO-OUCA-0421,ECO-OUCA-0421,Accessory,ECO-OUCA-0421-BRKT,Wall mount bracket,벽 부착 브래킷,Giá treo tường,1,,,Y
221,EcoFilter,Outdoor camping purifier,캠핑용 정수기,Máy lọc cắm trại,ECO-OUCA-0422,ECO-OUCA-0422,ECO-OUCA-0422,ECO-OUCA-0422,Consumable,ECO-OUCA-0422-GAC,Granular activated carbon,입상활성탄,Than hoạt tính dạng hạt,1,24,,
222,EcoFilter,Outdoor camping purifier,캠핑용 정수기,Máy lọc cắm trại,ECO-OUCA-0422,ECO-OUCA-0422,ECO-OUCA-0422,ECO-OUCA-0422,Consumable,ECO-OUCA-0422-PP10,"PP 10""","PP 10"" 침전 필터","Lõi PP 10""",1,6,,
223,EcoFilter,Outdoor camping purifier,캠핑용 정수기,Máy lọc cắm trại,ECO-OUCA-0422,ECO-OUCA-0422,ECO-OUCA-0422,ECO-OUCA-0422,Consumable,ECO-OUCA-0422-CTO10,"CTO 10""","CTO 10"" 카본 필터","Lõi carbon CTO 10""",1,12,,
224,EcoFilter,Outdoor camping purifier,캠핑용 정수기,Máy lọc cắm trại,ECO-OUCA-0422,ECO-OUCA-0422,ECO-OUCA-0422,ECO-OUCA-0422,Accessory,ECO-OUCA-0422-UV,UV sterilizer add-on,UV 살균 어드온,Bộ tiệt trùng UV,1,,,N
225,EcoFilter,Outdoor camping purifier,캠핑용 정수기,Máy lọc cắm trại,ECO-OUCA-0423,ECO-OUCA-0423,ECO-OUCA-0423,ECO-OUCA-0423,Consumable,ECO-OUCA-0423-UF10,"UF 10"" Membrane","UF 10"" 멤브레인","Màng UF 10""",1,24,,
226,EcoFilter,Outdoor camping purifier,캠핑용 정수기,Máy lọc cắm trại,ECO-OUCA-0423,ECO-OUCA-0423,ECO-OUCA-0423,ECO-OUCA-0423,Consumable,ECO-OUCA-0423-RO75,RO 75GPD Membrane,RO 75GPD 멤브레인,Màng RO 75GPD,1,24,,
227,EcoFilter,Outdoor camping purifier,캠핑용 정수기,Máy lọc cắm trại,ECO-OUCA-0423,ECO-OUCA-0423,ECO-OUCA-0423,ECO-OUCA-0423,Consumable,ECO-OUCA-0423-RO100,RO 100GPD Membrane,RO 100GPD 멤브레인,Màng RO 100GPD,1,24,,
228,EcoFilter,Outdoor camping purifier,캠핑용 정수기,Máy lọc cắm trại,ECO-OUCA-0423,ECO-OUCA-0423,ECO-OUCA-0423,ECO-OUCA-0423,Accessory,ECO-OUCA-0423-FCT,Goose-neck faucet,구즈넥 수전,Vòi cổ ngỗng,1,,,N
229,EcoFilter,Commercial filtration,상업용 정수,Lọc nước thương mại,ECO-COFI-0431,ECO-COFI-0431,ECO-COFI-0431,ECO-COFI-0431,Consumable,ECO-COFI-0431-PRE,Pre-mesh filter,프리메쉬 필터,Lõi tiền lọc lưới,1,,every visit,
230,EcoFilter,Commercial filtration,상업용 정수,Lọc nước thương mại,ECO-COFI-0431,ECO-COFI-0431,ECO-COFI-0431,ECO-COFI-0431,Consumable,ECO-COFI-0431-BIRM,Birm sediment media,비름 침전 미디어,Vật liệu Birm,1,36,,
231,EcoFilter,Commercial filtration,상업용 정수,Lọc nước thương mại,ECO-COFI-0431,ECO-COFI-0431,ECO-COFI-0431,ECO-COFI-0431,Consumable,ECO-COFI-0431-GAC,Granular activated carbon,입상활성탄,Than hoạt tính dạng hạt,1,24,,
232,EcoFilter,Commercial filtration,상업용 정수,Lọc nước thương mại,ECO-COFI-0431,ECO-COFI-0431,ECO-COFI-0431,ECO-COFI-0431,Accessory,ECO-COFI-0431-UV,UV sterilizer add-on,UV 살균 어드온,Bộ tiệt trùng UV,1,,,N
233,EcoFilter,Commercial filtration,상업용 정수,Lọc nước thương mại,ECO-COFI-0432,ECO-COFI-0432,ECO-COFI-0432,ECO-COFI-0432,Consumable,ECO-COFI-0432-PP10,"PP 10""","PP 10"" 침전 필터","Lõi PP 10""",1,6,,
234,EcoFilter,Commercial filtration,상업용 정수,Lọc nước thương mại,ECO-COFI-0432,ECO-COFI-0432,ECO-COFI-0432,ECO-COFI-0432,Consumable,ECO-COFI-0432-CTO10,"CTO 10""","CTO 10"" 카본 필터","Lõi carbon CTO 10""",1,12,,
235,EcoFilter,Commercial filtration,상업용 정수,Lọc nước thương mại,ECO-COFI-0432,ECO-COFI-0432,ECO-COFI-0432,ECO-COFI-0432,Consumable,ECO-COFI-0432-UF10,"UF 10"" Membrane","UF 10"" 멤브레인","Màng UF 10""",1,24,,
236,EcoFilter,Commercial filtration,상업용 정수,Lọc nước thương mại,ECO-COFI-0432,ECO-COFI-0432,ECO-COFI-0432,ECO-COFI-0432,Accessory,ECO-COFI-0432-FCT,Goose-neck faucet,구즈넥 수전,Vòi cổ ngỗng,1,,,N
237,EcoFilter,Commercial filtration,상업용 정수,Lọc nước thương mại,ECO-COFI-0433,ECO-COFI-0433,ECO-COFI-0433,ECO-COFI-0433,Consumable,ECO-COFI-0433-RO75,RO 75GPD Membrane,RO 75GPD 멤브레인,Màng RO 75GPD,1,24,,
238,EcoFilter,Commercial filtration,상업용 정수,Lọc nước thương mại,ECO-COFI-0433,ECO-COFI-0433,ECO-COFI-0433,ECO-COFI-0433,Consumable,ECO-COFI-0433-RO100,RO 100GPD Membrane,RO 100GPD 멤브레인,Màng RO 100GPD,1,24,,
239,EcoFilter,Commercial filtration,상업용 정수,Lọc nước thương mại,ECO-COFI-0433,ECO-COFI-0433,ECO-COFI-0433,ECO-COFI-0433,Consumable,ECO-COFI-0433-POSTCARB,Post carbon polisher,포스트 카본 필터,Lõi carbon hậu lọc,1,18,,
240,EcoFilter,Commercial filtration,상업용 정수,Lọc nước thương mại,ECO-COFI-0433,ECO-COFI-0433,ECO-COFI-0433,ECO-COFI-0433,Accessory,ECO-COFI-0433-TANK,3.2 gal pressure tank,3.2갤런 압력 탱크,Bình áp 3.2 gal,1,,,N
241,HydraTech,Pet water dispenser,반려동물 음수기,Máy nước cho thú cưng,HYD-PEWA-0501,HYD-PEWA-0501,HYD-PEWA-0501,HYD-PEWA-0501,Consumable,HYD-PEWA-0501-POSTCARB,Post carbon polisher,포스트 카본 필터,Lõi carbon hậu lọc,1,18,,
242,HydraTech,Pet water dispenser,반려동물 음수기,Máy nước cho thú cưng,HYD-PEWA-0501,HYD-PEWA-0501,HYD-PEWA-0501,HYD-PEWA-0501,Consumable,HYD-PEWA-0501-MINERAL,Mineral cartridge,미네랄 카트리지,Hộp khoáng bổ sung,1,12,,
243,HydraTech,Pet water dispenser,반려동물 음수기,Máy nước cho thú cưng,HYD-PEWA-0501,HYD-PEWA-0501,HYD-PEWA-0501,HYD-PEWA-0501,Consumable,HYD-PEWA-0501-PRE,Pre-mesh filter,프리메쉬 필터,Lõi tiền lọc lưới,1,,every visit,
244,HydraTech,Pet water dispenser,반려동물 음수기,Máy nước cho thú cưng,HYD-PEWA-0501,HYD-PEWA-0501,HYD-PEWA-0501,HYD-PEWA-0501,Accessory,HYD-PEWA-0501-UV,UV sterilizer add-on,UV 살균 어드온,Bộ tiệt trùng UV,1,,,N
245,HydraTech,Pet water dispenser,반려동물 음수기,Máy nước cho thú cưng,HYD-PEWA-0502,HYD-PEWA-0502,HYD-PEWA-0502,HYD-PEWA-0502,Consumable,HYD-PEWA-0502-BIRM,Birm sediment media,비름 침전 미디어,Vật liệu Birm,1,36,,
246,HydraTech,Pet water dispenser,반려동물 음수기,Máy nước cho thú cưng,HYD-PEWA-0502,HYD-PEWA-0502,HYD-PEWA-0502,HYD-PEWA-0502,Consumable,HYD-PEWA-0502-GAC,Granular activated carbon,입상활성탄,Than hoạt tính dạng hạt,1,24,,
247,HydraTech,Pet water dispenser,반려동물 음수기,Máy nước cho thú cưng,HYD-PEWA-0502,HYD-PEWA-0502,HYD-PEWA-0502,HYD-PEWA-0502,Consumable,HYD-PEWA-0502-PP10,"PP 10""","PP 10"" 침전 필터","Lõi PP 10""",1,6,,
248,HydraTech,Pet water dispenser,반려동물 음수기,Máy nước cho thú cưng,HYD-PEWA-0502,HYD-PEWA-0502,HYD-PEWA-0502,HYD-PEWA-0502,Accessory,HYD-PEWA-0502-FCT,Goose-neck faucet,구즈넥 수전,Vòi cổ ngỗng,1,,,N
249,HydraTech,Pet water dispenser,반려동물 음수기,Máy nước cho thú cưng,HYD-PEWA-0503,HYD-PEWA-0503,HYD-PEWA-0503,HYD-PEWA-0503,Consumable,HYD-PEWA-0503-CTO10,"CTO 10""","CTO 10"" 카본 필터","Lõi carbon CTO 10""",1,12,,
250,HydraTech,Pet water dispenser,반려동물 음수기,Máy nước cho thú cưng,HYD-PEWA-0503,HYD-PEWA-0503,HYD-PEWA-0503,HYD-PEWA-0503,Consumable,HYD-PEWA-0503-UF10,"UF 10"" Membrane","UF 10"" 멤브레인","Màng UF 10""",1,24,,
251,HydraTech,Pet water dispenser,반려동물 음수기,Máy nước cho thú cưng,HYD-PEWA-0503,HYD-PEWA-0503,HYD-PEWA-0503,HYD-PEWA-0503,Consumable,HYD-PEWA-0503-RO75,RO 75GPD Membrane,RO 75GPD 멤브레인,Màng RO 75GPD,1,24,,
252,HydraTech,Pet water dispenser,반려동물 음수기,Máy nước cho thú cưng,HYD-PEWA-0503,HYD-PEWA-0503,HYD-PEWA-0503,HYD-PEWA-0503,Accessory,HYD-PEWA-0503-TANK,3.2 gal pressure tank,3.2갤런 압력 탱크,Bình áp 3.2 gal,1,,,N
253,HydraTech,Refrigerator water line,냉장고 정수 라인,Đường nước tủ lạnh,HYD-REWA-0511,HYD-REWA-0511,HYD-REWA-0511,HYD-REWA-0511,Consumable,HYD-REWA-0511-MINERAL,Mineral cartridge,미네랄 카트리지,Hộp khoáng bổ sung,1,12,,
254,HydraTech,Refrigerator water line,냉장고 정수 라인,Đường nước tủ lạnh,HYD-REWA-0511,HYD-REWA-0511,HYD-REWA-0511,HYD-REWA-0511,Consumable,HYD-REWA-0511-PRE,Pre-mesh filter,프리메쉬 필터,Lõi tiền lọc lưới,1,,every visit,
255,HydraTech,Refrigerator water line,냉장고 정수 라인,Đường nước tủ lạnh,HYD-REWA-0511,HYD-REWA-0511,HYD-REWA-0511,HYD-REWA-0511,Consumable,HYD-REWA-0511-BIRM,Birm sediment media,비름 침전 미디어,Vật liệu Birm,1,36,,
256,HydraTech,Refrigerator water line,냉장고 정수 라인,Đường nước tủ lạnh,HYD-REWA-0511,HYD-REWA-0511,HYD-REWA-0511,HYD-REWA-0511,Accessory,HYD-REWA-0511-FCT,Goose-neck faucet,구즈넥 수전,Vòi cổ ngỗng,1,,,N
257,HydraTech,Refrigerator water line,냉장고 정수 라인,Đường nước tủ lạnh,HYD-REWA-0512,HYD-REWA-0512,HYD-REWA-0512,HYD-REWA-0512,Consumable,HYD-REWA-0512-GAC,Granular activated carbon,입상활성탄,Than hoạt tính dạng hạt,1,24,,
258,HydraTech,Refrigerator water line,냉장고 정수 라인,Đường nước tủ lạnh,HYD-REWA-0512,HYD-REWA-0512,HYD-REWA-0512,HYD-REWA-0512,Consumable,HYD-REWA-0512-PP10,"PP 10""","PP 10"" 침전 필터","Lõi PP 10""",1,6,,
259,HydraTech,Refrigerator water line,냉장고 정수 라인,Đường nước tủ lạnh,HYD-REWA-0512,HYD-REWA-0512,HYD-REWA-0512,HYD-REWA-0512,Consumable,HYD-REWA-0512-CTO10,"CTO 10""","CTO 10"" 카본 필터","Lõi carbon CTO 10""",1,12,,
260,HydraTech,Refrigerator water line,냉장고 정수 라인,Đường nước tủ lạnh,HYD-REWA-0512,HYD-REWA-0512,HYD-REWA-0512,HYD-REWA-0512,Accessory,HYD-REWA-0512-TANK,3.2 gal pressure tank,3.2갤런 압력 탱크,Bình áp 3.2 gal,1,,,N
261,HydraTech,Refrigerator water line,냉장고 정수 라인,Đường nước tủ lạnh,HYD-REWA-0513,HYD-REWA-0513,HYD-REWA-0513,HYD-REWA-0513,Consumable,HYD-REWA-0513-UF10,"UF 10"" Membrane","UF 10"" 멤브레인","Màng UF 10""",1,24,,
262,HydraTech,Refrigerator water line,냉장고 정수 라인,Đường nước tủ lạnh,HYD-REWA-0513,HYD-REWA-0513,HYD-REWA-0513,HYD-REWA-0513,Consumable,HYD-REWA-0513-RO75,RO 75GPD Membrane,RO 75GPD 멤브레인,Màng RO 75GPD,1,24,,
263,HydraTech,Refrigerator water line,냉장고 정수 라인,Đường nước tủ lạnh,HYD-REWA-0513,HYD-REWA-0513,HYD-REWA-0513,HYD-REWA-0513,Consumable,HYD-REWA-0513-RO100,RO 100GPD Membrane,RO 100GPD 멤브레인,Màng RO 100GPD,1,24,,
264,HydraTech,Refrigerator water line,냉장고 정수 라인,Đường nước tủ lạnh,HYD-REWA-0513,HYD-REWA-0513,HYD-REWA-0513,HYD-REWA-0513,Accessory,HYD-REWA-0513-HOSE1,Tubing 1m (white),튜브 호스 1m (흰색),Ống 1m (trắng),1,,,Y
265,HydraTech,Whole-house filter,전체 가정용 필터,Bộ lọc cả nhà,HYD-WHHO-0521,HYD-WHHO-0521,HYD-WHHO-0521,HYD-WHHO-0521,Consumable,HYD-WHHO-0521-PRE,Pre-mesh filter,프리메쉬 필터,Lõi tiền lọc lưới,1,,every visit,
266,HydraTech,Whole-house filter,전체 가정용 필터,Bộ lọc cả nhà,HYD-WHHO-0521,HYD-WHHO-0521,HYD-WHHO-0521,HYD-WHHO-0521,Consumable,HYD-WHHO-0521-BIRM,Birm sediment media,비름 침전 미디어,Vật liệu Birm,1,36,,
267,HydraTech,Whole-house filter,전체 가정용 필터,Bộ lọc cả nhà,HYD-WHHO-0521,HYD-WHHO-0521,HYD-WHHO-0521,HYD-WHHO-0521,Consumable,HYD-WHHO-0521-GAC,Granular activated carbon,입상활성탄,Than hoạt tính dạng hạt,1,24,,
268,HydraTech,Whole-house filter,전체 가정용 필터,Bộ lọc cả nhà,HYD-WHHO-0521,HYD-WHHO-0521,HYD-WHHO-0521,HYD-WHHO-0521,Accessory,HYD-WHHO-0521-TANK,3.2 gal pressure tank,3.2갤런 압력 탱크,Bình áp 3.2 gal,1,,,N
269,HydraTech,Whole-house filter,전체 가정용 필터,Bộ lọc cả nhà,HYD-WHHO-0522,HYD-WHHO-0522,HYD-WHHO-0522,HYD-WHHO-0522,Consumable,HYD-WHHO-0522-PP10,"PP 10""","PP 10"" 침전 필터","Lõi PP 10""",1,6,,
270,HydraTech,Whole-house filter,전체 가정용 필터,Bộ lọc cả nhà,HYD-WHHO-0522,HYD-WHHO-0522,HYD-WHHO-0522,HYD-WHHO-0522,Consumable,HYD-WHHO-0522-CTO10,"CTO 10""","CTO 10"" 카본 필터","Lõi carbon CTO 10""",1,12,,
271,HydraTech,Whole-house filter,전체 가정용 필터,Bộ lọc cả nhà,HYD-WHHO-0522,HYD-WHHO-0522,HYD-WHHO-0522,HYD-WHHO-0522,Consumable,HYD-WHHO-0522-UF10,"UF 10"" Membrane","UF 10"" 멤브레인","Màng UF 10""",1,24,,
272,HydraTech,Whole-house filter,전체 가정용 필터,Bộ lọc cả nhà,HYD-WHHO-0522,HYD-WHHO-0522,HYD-WHHO-0522,HYD-WHHO-0522,Accessory,HYD-WHHO-0522-HOSE1,Tubing 1m (white),튜브 호스 1m (흰색),Ống 1m (trắng),1,,,Y
273,HydraTech,Whole-house filter,전체 가정용 필터,Bộ lọc cả nhà,HYD-WHHO-0523,HYD-WHHO-0523,HYD-WHHO-0523,HYD-WHHO-0523,Consumable,HYD-WHHO-0523-RO75,RO 75GPD Membrane,RO 75GPD 멤브레인,Màng RO 75GPD,1,24,,
274,HydraTech,Whole-house filter,전체 가정용 필터,Bộ lọc cả nhà,HYD-WHHO-0523,HYD-WHHO-0523,HYD-WHHO-0523,HYD-WHHO-0523,Consumable,HYD-WHHO-0523-RO100,RO 100GPD Membrane,RO 100GPD 멤브레인,Màng RO 100GPD,1,24,,
275,HydraTech,Whole-house filter,전체 가정용 필터,Bộ lọc cả nhà,HYD-WHHO-0523,HYD-WHHO-0523,HYD-WHHO-0523,HYD-WHHO-0523,Consumable,HYD-WHHO-0523-POSTCARB,Post carbon polisher,포스트 카본 필터,Lõi carbon hậu lọc,1,18,,
276,HydraTech,Whole-house filter,전체 가정용 필터,Bộ lọc cả nhà,HYD-WHHO-0523,HYD-WHHO-0523,HYD-WHHO-0523,HYD-WHHO-0523,Accessory,HYD-WHHO-0523-QC,Quick-connect fitting,퀵 커넥트 피팅,Khớp nối nhanh,1,,,Y
277,HydraTech,Outdoor camping purifier,캠핑용 정수기,Máy lọc cắm trại,HYD-OUCA-0531,HYD-OUCA-0531,HYD-OUCA-0531,HYD-OUCA-0531,Consumable,HYD-OUCA-0531-BIRM,Birm sediment media,비름 침전 미디어,Vật liệu Birm,1,36,,
278,HydraTech,Outdoor camping purifier,캠핑용 정수기,Máy lọc cắm trại,HYD-OUCA-0531,HYD-OUCA-0531,HYD-OUCA-0531,HYD-OUCA-0531,Consumable,HYD-OUCA-0531-GAC,Granular activated carbon,입상활성탄,Than hoạt tính dạng hạt,1,24,,
279,HydraTech,Outdoor camping purifier,캠핑용 정수기,Máy lọc cắm trại,HYD-OUCA-0531,HYD-OUCA-0531,HYD-OUCA-0531,HYD-OUCA-0531,Consumable,HYD-OUCA-0531-PP10,"PP 10""","PP 10"" 침전 필터","Lõi PP 10""",1,6,,
280,HydraTech,Outdoor camping purifier,캠핑용 정수기,Máy lọc cắm trại,HYD-OUCA-0531,HYD-OUCA-0531,HYD-OUCA-0531,HYD-OUCA-0531,Accessory,HYD-OUCA-0531-HOSE1,Tubing 1m (white),튜브 호스 1m (흰색),Ống 1m (trắng),1,,,Y
281,HydraTech,Outdoor camping purifier,캠핑용 정수기,Máy lọc cắm trại,HYD-OUCA-0532,HYD-OUCA-0532,HYD-OUCA-0532,HYD-OUCA-0532,Consumable,HYD-OUCA-0532-CTO10,"CTO 10""","CTO 10"" 카본 필터","Lõi carbon CTO 10""",1,12,,
282,HydraTech,Outdoor camping purifier,캠핑용 정수기,Máy lọc cắm trại,HYD-OUCA-0532,HYD-OUCA-0532,HYD-OUCA-0532,HYD-OUCA-0532,Consumable,HYD-OUCA-0532-UF10,"UF 10"" Membrane","UF 10"" 멤브레인","Màng UF 10""",1,24,,
283,HydraTech,Outdoor camping purifier,캠핑용 정수기,Máy lọc cắm trại,HYD-OUCA-0532,HYD-OUCA-0532,HYD-OUCA-0532,HYD-OUCA-0532,Consumable,HYD-OUCA-0532-RO75,RO 75GPD Membrane,RO 75GPD 멤브레인,Màng RO 75GPD,1,24,,
284,HydraTech,Outdoor camping purifier,캠핑용 정수기,Máy lọc cắm trại,HYD-OUCA-0532,HYD-OUCA-0532,HYD-OUCA-0532,HYD-OUCA-0532,Accessory,HYD-OUCA-0532-QC,Quick-connect fitting,퀵 커넥트 피팅,Khớp nối nhanh,1,,,Y
285,HydraTech,Outdoor camping purifier,캠핑용 정수기,Máy lọc cắm trại,HYD-OUCA-0533,HYD-OUCA-0533,HYD-OUCA-0533,HYD-OUCA-0533,Consumable,HYD-OUCA-0533-RO100,RO 100GPD Membrane,RO 100GPD 멤브레인,Màng RO 100GPD,1,24,,
286,HydraTech,Outdoor camping purifier,캠핑용 정수기,Máy lọc cắm trại,HYD-OUCA-0533,HYD-OUCA-0533,HYD-OUCA-0533,HYD-OUCA-0533,Consumable,HYD-OUCA-0533-POSTCARB,Post carbon polisher,포스트 카본 필터,Lõi carbon hậu lọc,1,18,,
287,HydraTech,Outdoor camping purifier,캠핑용 정수기,Máy lọc cắm trại,HYD-OUCA-0533,HYD-OUCA-0533,HYD-OUCA-0533,HYD-OUCA-0533,Consumable,HYD-OUCA-0533-MINERAL,Mineral cartridge,미네랄 카트리지,Hộp khoáng bổ sung,1,12,,
288,HydraTech,Outdoor camping purifier,캠핑용 정수기,Máy lọc cắm trại,HYD-OUCA-0533,HYD-OUCA-0533,HYD-OUCA-0533,HYD-OUCA-0533,Accessory,HYD-OUCA-0533-VALVE,Inlet shut-off valve,급수 차단 밸브,Van khóa cấp,1,,,Y
289,AquaPro,Shower head filter,샤워헤드 필터,Lọc đầu vòi sen,AQU-SHHE-0601,AQU-SHHE-0601,AQU-SHHE-0601,AQU-SHHE-0601,Consumable,AQU-SHHE-0601-MINERAL,Mineral cartridge,미네랄 카트리지,Hộp khoáng bổ sung,1,12,,
290,AquaPro,Shower head filter,샤워헤드 필터,Lọc đầu vòi sen,AQU-SHHE-0601,AQU-SHHE-0601,AQU-SHHE-0601,AQU-SHHE-0601,Consumable,AQU-SHHE-0601-PRE,Pre-mesh filter,프리메쉬 필터,Lõi tiền lọc lưới,1,,every visit,
291,AquaPro,Shower head filter,샤워헤드 필터,Lọc đầu vòi sen,AQU-SHHE-0601,AQU-SHHE-0601,AQU-SHHE-0601,AQU-SHHE-0601,Consumable,AQU-SHHE-0601-BIRM,Birm sediment media,비름 침전 미디어,Vật liệu Birm,1,36,,
292,AquaPro,Shower head filter,샤워헤드 필터,Lọc đầu vòi sen,AQU-SHHE-0601,AQU-SHHE-0601,AQU-SHHE-0601,AQU-SHHE-0601,Accessory,AQU-SHHE-0601-HOSE1,Tubing 1m (white),튜브 호스 1m (흰색),Ống 1m (trắng),1,,,Y
293,AquaPro,Shower head filter,샤워헤드 필터,Lọc đầu vòi sen,AQU-SHHE-0602,AQU-SHHE-0602,AQU-SHHE-0602,AQU-SHHE-0602,Consumable,AQU-SHHE-0602-GAC,Granular activated carbon,입상활성탄,Than hoạt tính dạng hạt,1,24,,
294,AquaPro,Shower head filter,샤워헤드 필터,Lọc đầu vòi sen,AQU-SHHE-0602,AQU-SHHE-0602,AQU-SHHE-0602,AQU-SHHE-0602,Consumable,AQU-SHHE-0602-PP10,"PP 10""","PP 10"" 침전 필터","Lõi PP 10""",1,6,,
295,AquaPro,Shower head filter,샤워헤드 필터,Lọc đầu vòi sen,AQU-SHHE-0602,AQU-SHHE-0602,AQU-SHHE-0602,AQU-SHHE-0602,Consumable,AQU-SHHE-0602-CTO10,"CTO 10""","CTO 10"" 카본 필터","Lõi carbon CTO 10""",1,12,,
296,AquaPro,Shower head filter,샤워헤드 필터,Lọc đầu vòi sen,AQU-SHHE-0602,AQU-SHHE-0602,AQU-SHHE-0602,AQU-SHHE-0602,Accessory,AQU-SHHE-0602-QC,Quick-connect fitting,퀵 커넥트 피팅,Khớp nối nhanh,1,,,Y
297,AquaPro,Shower head filter,샤워헤드 필터,Lọc đầu vòi sen,AQU-SHHE-0603,AQU-SHHE-0603,AQU-SHHE-0603,AQU-SHHE-0603,Consumable,AQU-SHHE-0603-UF10,"UF 10"" Membrane","UF 10"" 멤브레인","Màng UF 10""",1,24,,
298,AquaPro,Shower head filter,샤워헤드 필터,Lọc đầu vòi sen,AQU-SHHE-0603,AQU-SHHE-0603,AQU-SHHE-0603,AQU-SHHE-0603,Consumable,AQU-SHHE-0603-RO75,RO 75GPD Membrane,RO 75GPD 멤브레인,Màng RO 75GPD,1,24,,
299,AquaPro,Shower head filter,샤워헤드 필터,Lọc đầu vòi sen,AQU-SHHE-0603,AQU-SHHE-0603,AQU-SHHE-0603,AQU-SHHE-0603,Consumable,AQU-SHHE-0603-RO100,RO 100GPD Membrane,RO 100GPD 멤브레인,Màng RO 100GPD,1,24,,
300,AquaPro,Shower head filter,샤워헤드 필터,Lọc đầu vòi sen,AQU-SHHE-0603,AQU-SHHE-0603,AQU-SHHE-0603,AQU-SHHE-0603,Accessory,AQU-SHHE-0603-VALVE,Inlet shut-off valve,급수 차단 밸브,Van khóa cấp,1,,,Y
301,AquaPro,Pet water dispenser,반려동물 음수기,Máy nước cho thú cưng,AQU-PEWA-0611,AQU-PEWA-0611,AQU-PEWA-0611,AQU-PEWA-0611,Consumable,AQU-PEWA-0611-PRE,Pre-mesh filter,프리메쉬 필터,Lõi tiền lọc lưới,1,,every visit,
302,AquaPro,Pet water dispenser,반려동물 음수기,Máy nước cho thú cưng,AQU-PEWA-0611,AQU-PEWA-0611,AQU-PEWA-0611,AQU-PEWA-0611,Consumable,AQU-PEWA-0611-BIRM,Birm sediment media,비름 침전 미디어,Vật liệu Birm,1,36,,
303,AquaPro,Pet water dispenser,반려동물 음수기,Máy nước cho thú cưng,AQU-PEWA-0611,AQU-PEWA-0611,AQU-PEWA-0611,AQU-PEWA-0611,Consumable,AQU-PEWA-0611-GAC,Granular activated carbon,입상활성탄,Than hoạt tính dạng hạt,1,24,,
304,AquaPro,Pet water dispenser,반려동물 음수기,Máy nước cho thú cưng,AQU-PEWA-0611,AQU-PEWA-0611,AQU-PEWA-0611,AQU-PEWA-0611,Accessory,AQU-PEWA-0611-QC,Quick-connect fitting,퀵 커넥트 피팅,Khớp nối nhanh,1,,,Y
305,AquaPro,Pet water dispenser,반려동물 음수기,Máy nước cho thú cưng,AQU-PEWA-0612,AQU-PEWA-0612,AQU-PEWA-0612,AQU-PEWA-0612,Consumable,AQU-PEWA-0612-PP10,"PP 10""","PP 10"" 침전 필터","Lõi PP 10""",1,6,,
306,AquaPro,Pet water dispenser,반려동물 음수기,Máy nước cho thú cưng,AQU-PEWA-0612,AQU-PEWA-0612,AQU-PEWA-0612,AQU-PEWA-0612,Consumable,AQU-PEWA-0612-CTO10,"CTO 10""","CTO 10"" 카본 필터","Lõi carbon CTO 10""",1,12,,
307,AquaPro,Pet water dispenser,반려동물 음수기,Máy nước cho thú cưng,AQU-PEWA-0612,AQU-PEWA-0612,AQU-PEWA-0612,AQU-PEWA-0612,Consumable,AQU-PEWA-0612-UF10,"UF 10"" Membrane","UF 10"" 멤브레인","Màng UF 10""",1,24,,
308,AquaPro,Pet water dispenser,반려동물 음수기,Máy nước cho thú cưng,AQU-PEWA-0612,AQU-PEWA-0612,AQU-PEWA-0612,AQU-PEWA-0612,Accessory,AQU-PEWA-0612-VALVE,Inlet shut-off valve,급수 차단 밸브,Van khóa cấp,1,,,Y
309,AquaPro,Pet water dispenser,반려동물 음수기,Máy nước cho thú cưng,AQU-PEWA-0613,AQU-PEWA-0613,AQU-PEWA-0613,AQU-PEWA-0613,Consumable,AQU-PEWA-0613-RO75,RO 75GPD Membrane,RO 75GPD 멤브레인,Màng RO 75GPD,1,24,,
310,AquaPro,Pet water dispenser,반려동물 음수기,Máy nước cho thú cưng,AQU-PEWA-0613,AQU-PEWA-0613,AQU-PEWA-0613,AQU-PEWA-0613,Consumable,AQU-PEWA-0613-RO100,RO 100GPD Membrane,RO 100GPD 멤브레인,Màng RO 100GPD,1,24,,
311,AquaPro,Pet water dispenser,반려동물 음수기,Máy nước cho thú cưng,AQU-PEWA-0613,AQU-PEWA-0613,AQU-PEWA-0613,AQU-PEWA-0613,Consumable,AQU-PEWA-0613-POSTCARB,Post carbon polisher,포스트 카본 필터,Lõi carbon hậu lọc,1,18,,
312,AquaPro,Pet water dispenser,반려동물 음수기,Máy nước cho thú cưng,AQU-PEWA-0613,AQU-PEWA-0613,AQU-PEWA-0613,AQU-PEWA-0613,Accessory,AQU-PEWA-0613-CLAMP,Saddle clamp,새들 클램프,Kẹp yên ngựa,1,,,Y
313,AquaPro,Refrigerator water line,냉장고 정수 라인,Đường nước tủ lạnh,AQU-REWA-0621,AQU-REWA-0621,AQU-REWA-0621,AQU-REWA-0621,Consumable,AQU-REWA-0621-BIRM,Birm sediment media,비름 침전 미디어,Vật liệu Birm,1,36,,
314,AquaPro,Refrigerator water line,냉장고 정수 라인,Đường nước tủ lạnh,AQU-REWA-0621,AQU-REWA-0621,AQU-REWA-0621,AQU-REWA-0621,Consumable,AQU-REWA-0621-GAC,Granular activated carbon,입상활성탄,Than hoạt tính dạng hạt,1,24,,
315,AquaPro,Refrigerator water line,냉장고 정수 라인,Đường nước tủ lạnh,AQU-REWA-0621,AQU-REWA-0621,AQU-REWA-0621,AQU-REWA-0621,Consumable,AQU-REWA-0621-PP10,"PP 10""","PP 10"" 침전 필터","Lõi PP 10""",1,6,,
316,AquaPro,Refrigerator water line,냉장고 정수 라인,Đường nước tủ lạnh,AQU-REWA-0621,AQU-REWA-0621,AQU-REWA-0621,AQU-REWA-0621,Accessory,AQU-REWA-0621-VALVE,Inlet shut-off valve,급수 차단 밸브,Van khóa cấp,1,,,Y
317,AquaPro,Refrigerator water line,냉장고 정수 라인,Đường nước tủ lạnh,AQU-REWA-0622,AQU-REWA-0622,AQU-REWA-0622,AQU-REWA-0622,Consumable,AQU-REWA-0622-CTO10,"CTO 10""","CTO 10"" 카본 필터","Lõi carbon CTO 10""",1,12,,
318,AquaPro,Refrigerator water line,냉장고 정수 라인,Đường nước tủ lạnh,AQU-REWA-0622,AQU-REWA-0622,AQU-REWA-0622,AQU-REWA-0622,Consumable,AQU-REWA-0622-UF10,"UF 10"" Membrane","UF 10"" 멤브레인","Màng UF 10""",1,24,,
319,AquaPro,Refrigerator water line,냉장고 정수 라인,Đường nước tủ lạnh,AQU-REWA-0622,AQU-REWA-0622,AQU-REWA-0622,AQU-REWA-0622,Consumable,AQU-REWA-0622-RO75,RO 75GPD Membrane,RO 75GPD 멤브레인,Màng RO 75GPD,1,24,,
320,AquaPro,Refrigerator water line,냉장고 정수 라인,Đường nước tủ lạnh,AQU-REWA-0622,AQU-REWA-0622,AQU-REWA-0622,AQU-REWA-0622,Accessory,AQU-REWA-0622-CLAMP,Saddle clamp,새들 클램프,Kẹp yên ngựa,1,,,Y
321,AquaPro,Refrigerator water line,냉장고 정수 라인,Đường nước tủ lạnh,AQU-REWA-0623,AQU-REWA-0623,AQU-REWA-0623,AQU-REWA-0623,Consumable,AQU-REWA-0623-RO100,RO 100GPD Membrane,RO 100GPD 멤브레인,Màng RO 100GPD,1,24,,
322,AquaPro,Refrigerator water line,냉장고 정수 라인,Đường nước tủ lạnh,AQU-REWA-0623,AQU-REWA-0623,AQU-REWA-0623,AQU-REWA-0623,Consumable,AQU-REWA-0623-POSTCARB,Post carbon polisher,포스트 카본 필터,Lõi carbon hậu lọc,1,18,,
323,AquaPro,Refrigerator water line,냉장고 정수 라인,Đường nước tủ lạnh,AQU-REWA-0623,AQU-REWA-0623,AQU-REWA-0623,AQU-REWA-0623,Consumable,AQU-REWA-0623-MINERAL,Mineral cartridge,미네랄 카트리지,Hộp khoáng bổ sung,1,12,,
324,AquaPro,Refrigerator water line,냉장고 정수 라인,Đường nước tủ lạnh,AQU-REWA-0623,AQU-REWA-0623,AQU-REWA-0623,AQU-REWA-0623,Accessory,AQU-REWA-0623-BRKT,Wall mount bracket,벽 부착 브래킷,Giá treo tường,1,,,Y
325,AquaPro,Whole-house filter,전체 가정용 필터,Bộ lọc cả nhà,AQU-WHHO-0631,AQU-WHHO-0631,AQU-WHHO-0631,AQU-WHHO-0631,Consumable,AQU-WHHO-0631-GAC,Granular activated carbon,입상활성탄,Than hoạt tính dạng hạt,1,24,,
326,AquaPro,Whole-house filter,전체 가정용 필터,Bộ lọc cả nhà,AQU-WHHO-0631,AQU-WHHO-0631,AQU-WHHO-0631,AQU-WHHO-0631,Consumable,AQU-WHHO-0631-PP10,"PP 10""","PP 10"" 침전 필터","Lõi PP 10""",1,6,,
327,AquaPro,Whole-house filter,전체 가정용 필터,Bộ lọc cả nhà,AQU-WHHO-0631,AQU-WHHO-0631,AQU-WHHO-0631,AQU-WHHO-0631,Consumable,AQU-WHHO-0631-CTO10,"CTO 10""","CTO 10"" 카본 필터","Lõi carbon CTO 10""",1,12,,
328,AquaPro,Whole-house filter,전체 가정용 필터,Bộ lọc cả nhà,AQU-WHHO-0631,AQU-WHHO-0631,AQU-WHHO-0631,AQU-WHHO-0631,Accessory,AQU-WHHO-0631-CLAMP,Saddle clamp,새들 클램프,Kẹp yên ngựa,1,,,Y
329,AquaPro,Whole-house filter,전체 가정용 필터,Bộ lọc cả nhà,AQU-WHHO-0632,AQU-WHHO-0632,AQU-WHHO-0632,AQU-WHHO-0632,Consumable,AQU-WHHO-0632-UF10,"UF 10"" Membrane","UF 10"" 멤브레인","Màng UF 10""",1,24,,
330,AquaPro,Whole-house filter,전체 가정용 필터,Bộ lọc cả nhà,AQU-WHHO-0632,AQU-WHHO-0632,AQU-WHHO-0632,AQU-WHHO-0632,Consumable,AQU-WHHO-0632-RO75,RO 75GPD Membrane,RO 75GPD 멤브레인,Màng RO 75GPD,1,24,,
331,AquaPro,Whole-house filter,전체 가정용 필터,Bộ lọc cả nhà,AQU-WHHO-0632,AQU-WHHO-0632,AQU-WHHO-0632,AQU-WHHO-0632,Consumable,AQU-WHHO-0632-RO100,RO 100GPD Membrane,RO 100GPD 멤브레인,Màng RO 100GPD,1,24,,
332,AquaPro,Whole-house filter,전체 가정용 필터,Bộ lọc cả nhà,AQU-WHHO-0632,AQU-WHHO-0632,AQU-WHHO-0632,AQU-WHHO-0632,Accessory,AQU-WHHO-0632-BRKT,Wall mount bracket,벽 부착 브래킷,Giá treo tường,1,,,Y
333,AquaPro,Whole-house filter,전체 가정용 필터,Bộ lọc cả nhà,AQU-WHHO-0633,AQU-WHHO-0633,AQU-WHHO-0633,AQU-WHHO-0633,Consumable,AQU-WHHO-0633-POSTCARB,Post carbon polisher,포스트 카본 필터,Lõi carbon hậu lọc,1,18,,
334,AquaPro,Whole-house filter,전체 가정용 필터,Bộ lọc cả nhà,AQU-WHHO-0633,AQU-WHHO-0633,AQU-WHHO-0633,AQU-WHHO-0633,Consumable,AQU-WHHO-0633-MINERAL,Mineral cartridge,미네랄 카트리지,Hộp khoáng bổ sung,1,12,,
335,AquaPro,Whole-house filter,전체 가정용 필터,Bộ lọc cả nhà,AQU-WHHO-0633,AQU-WHHO-0633,AQU-WHHO-0633,AQU-WHHO-0633,Consumable,AQU-WHHO-0633-PRE,Pre-mesh filter,프리메쉬 필터,Lõi tiền lọc lưới,1,,every visit,
336,AquaPro,Whole-house filter,전체 가정용 필터,Bộ lọc cả nhà,AQU-WHHO-0633,AQU-WHHO-0633,AQU-WHHO-0633,AQU-WHHO-0633,Accessory,AQU-WHHO-0633-UV,UV sterilizer add-on,UV 살균 어드온,Bộ tiệt trùng UV,1,,,N
337,BlueWave,Faucet filter,수도꼭지 필터,Lọc tại vòi,BLU-FAFI-0701,BLU-FAFI-0701,BLU-FAFI-0701,BLU-FAFI-0701,Consumable,BLU-FAFI-0701-PRE,Pre-mesh filter,프리메쉬 필터,Lõi tiền lọc lưới,1,,every visit,
338,BlueWave,Faucet filter,수도꼭지 필터,Lọc tại vòi,BLU-FAFI-0701,BLU-FAFI-0701,BLU-FAFI-0701,BLU-FAFI-0701,Consumable,BLU-FAFI-0701-BIRM,Birm sediment media,비름 침전 미디어,Vật liệu Birm,1,36,,
339,BlueWave,Faucet filter,수도꼭지 필터,Lọc tại vòi,BLU-FAFI-0701,BLU-FAFI-0701,BLU-FAFI-0701,BLU-FAFI-0701,Consumable,BLU-FAFI-0701-GAC,Granular activated carbon,입상활성탄,Than hoạt tính dạng hạt,1,24,,
340,BlueWave,Faucet filter,수도꼭지 필터,Lọc tại vòi,BLU-FAFI-0701,BLU-FAFI-0701,BLU-FAFI-0701,BLU-FAFI-0701,Accessory,BLU-FAFI-0701-CLAMP,Saddle clamp,새들 클램프,Kẹp yên ngựa,1,,,Y
341,BlueWave,Faucet filter,수도꼭지 필터,Lọc tại vòi,BLU-FAFI-0702,BLU-FAFI-0702,BLU-FAFI-0702,BLU-FAFI-0702,Consumable,BLU-FAFI-0702-PP10,"PP 10""","PP 10"" 침전 필터","Lõi PP 10""",1,6,,
342,BlueWave,Faucet filter,수도꼭지 필터,Lọc tại vòi,BLU-FAFI-0702,BLU-FAFI-0702,BLU-FAFI-0702,BLU-FAFI-0702,Consumable,BLU-FAFI-0702-CTO10,"CTO 10""","CTO 10"" 카본 필터","Lõi carbon CTO 10""",1,12,,
343,BlueWave,Faucet filter,수도꼭지 필터,Lọc tại vòi,BLU-FAFI-0702,BLU-FAFI-0702,BLU-FAFI-0702,BLU-FAFI-0702,Consumable,BLU-FAFI-0702-UF10,"UF 10"" Membrane","UF 10"" 멤브레인","Màng UF 10""",1,24,,
344,BlueWave,Faucet filter,수도꼭지 필터,Lọc tại vòi,BLU-FAFI-0702,BLU-FAFI-0702,BLU-FAFI-0702,BLU-FAFI-0702,Accessory,BLU-FAFI-0702-BRKT,Wall mount bracket,벽 부착 브래킷,Giá treo tường,1,,,Y
345,BlueWave,Faucet filter,수도꼭지 필터,Lọc tại vòi,BLU-FAFI-0703,BLU-FAFI-0703,BLU-FAFI-0703,BLU-FAFI-0703,Consumable,BLU-FAFI-0703-RO75,RO 75GPD Membrane,RO 75GPD 멤브레인,Màng RO 75GPD,1,24,,
346,BlueWave,Faucet filter,수도꼭지 필터,Lọc tại vòi,BLU-FAFI-0703,BLU-FAFI-0703,BLU-FAFI-0703,BLU-FAFI-0703,Consumable,BLU-FAFI-0703-RO100,RO 100GPD Membrane,RO 100GPD 멤브레인,Màng RO 100GPD,1,24,,
347,BlueWave,Faucet filter,수도꼭지 필터,Lọc tại vòi,BLU-FAFI-0703,BLU-FAFI-0703,BLU-FAFI-0703,BLU-FAFI-0703,Consumable,BLU-FAFI-0703-POSTCARB,Post carbon polisher,포스트 카본 필터,Lõi carbon hậu lọc,1,18,,
348,BlueWave,Faucet filter,수도꼭지 필터,Lọc tại vòi,BLU-FAFI-0703,BLU-FAFI-0703,BLU-FAFI-0703,BLU-FAFI-0703,Accessory,BLU-FAFI-0703-UV,UV sterilizer add-on,UV 살균 어드온,Bộ tiệt trùng UV,1,,,N
349,BlueWave,Shower head filter,샤워헤드 필터,Lọc đầu vòi sen,BLU-SHHE-0711,BLU-SHHE-0711,BLU-SHHE-0711,BLU-SHHE-0711,Consumable,BLU-SHHE-0711-BIRM,Birm sediment media,비름 침전 미디어,Vật liệu Birm,1,36,,
350,BlueWave,Shower head filter,샤워헤드 필터,Lọc đầu vòi sen,BLU-SHHE-0711,BLU-SHHE-0711,BLU-SHHE-0711,BLU-SHHE-0711,Consumable,BLU-SHHE-0711-GAC,Granular activated carbon,입상활성탄,Than hoạt tính dạng hạt,1,24,,
351,BlueWave,Shower head filter,샤워헤드 필터,Lọc đầu vòi sen,BLU-SHHE-0711,BLU-SHHE-0711,BLU-SHHE-0711,BLU-SHHE-0711,Consumable,BLU-SHHE-0711-PP10,"PP 10""","PP 10"" 침전 필터","Lõi PP 10""",1,6,,
352,BlueWave,Shower head filter,샤워헤드 필터,Lọc đầu vòi sen,BLU-SHHE-0711,BLU-SHHE-0711,BLU-SHHE-0711,BLU-SHHE-0711,Accessory,BLU-SHHE-0711-BRKT,Wall mount bracket,벽 부착 브래킷,Giá treo tường,1,,,Y
353,BlueWave,Shower head filter,샤워헤드 필터,Lọc đầu vòi sen,BLU-SHHE-0712,BLU-SHHE-0712,BLU-SHHE-0712,BLU-SHHE-0712,Consumable,BLU-SHHE-0712-CTO10,"CTO 10""","CTO 10"" 카본 필터","Lõi carbon CTO 10""",1,12,,
354,BlueWave,Shower head filter,샤워헤드 필터,Lọc đầu vòi sen,BLU-SHHE-0712,BLU-SHHE-0712,BLU-SHHE-0712,BLU-SHHE-0712,Consumable,BLU-SHHE-0712-UF10,"UF 10"" Membrane","UF 10"" 멤브레인","Màng UF 10""",1,24,,
355,BlueWave,Shower head filter,샤워헤드 필터,Lọc đầu vòi sen,BLU-SHHE-0712,BLU-SHHE-0712,BLU-SHHE-0712,BLU-SHHE-0712,Consumable,BLU-SHHE-0712-RO75,RO 75GPD Membrane,RO 75GPD 멤브레인,Màng RO 75GPD,1,24,,
356,BlueWave,Shower head filter,샤워헤드 필터,Lọc đầu vòi sen,BLU-SHHE-0712,BLU-SHHE-0712,BLU-SHHE-0712,BLU-SHHE-0712,Accessory,BLU-SHHE-0712-UV,UV sterilizer add-on,UV 살균 어드온,Bộ tiệt trùng UV,1,,,N
357,BlueWave,Shower head filter,샤워헤드 필터,Lọc đầu vòi sen,BLU-SHHE-0713,BLU-SHHE-0713,BLU-SHHE-0713,BLU-SHHE-0713,Consumable,BLU-SHHE-0713-RO100,RO 100GPD Membrane,RO 100GPD 멤브레인,Màng RO 100GPD,1,24,,
358,BlueWave,Shower head filter,샤워헤드 필터,Lọc đầu vòi sen,BLU-SHHE-0713,BLU-SHHE-0713,BLU-SHHE-0713,BLU-SHHE-0713,Consumable,BLU-SHHE-0713-POSTCARB,Post carbon polisher,포스트 카본 필터,Lõi carbon hậu lọc,1,18,,
359,BlueWave,Shower head filter,샤워헤드 필터,Lọc đầu vòi sen,BLU-SHHE-0713,BLU-SHHE-0713,BLU-SHHE-0713,BLU-SHHE-0713,Consumable,BLU-SHHE-0713-MINERAL,Mineral cartridge,미네랄 카트리지,Hộp khoáng bổ sung,1,12,,
360,BlueWave,Shower head filter,샤워헤드 필터,Lọc đầu vòi sen,BLU-SHHE-0713,BLU-SHHE-0713,BLU-SHHE-0713,BLU-SHHE-0713,Accessory,BLU-SHHE-0713-FCT,Goose-neck faucet,구즈넥 수전,Vòi cổ ngỗng,1,,,N
361,BlueWave,Pet water dispenser,반려동물 음수기,Máy nước cho thú cưng,BLU-PEWA-0721,BLU-PEWA-0721,BLU-PEWA-0721,BLU-PEWA-0721,Consumable,BLU-PEWA-0721-GAC,Granular activated carbon,입상활성탄,Than hoạt tính dạng hạt,1,24,,
362,BlueWave,Pet water dispenser,반려동물 음수기,Máy nước cho thú cưng,BLU-PEWA-0721,BLU-PEWA-0721,BLU-PEWA-0721,BLU-PEWA-0721,Consumable,BLU-PEWA-0721-PP10,"PP 10""","PP 10"" 침전 필터","Lõi PP 10""",1,6,,
363,BlueWave,Pet water dispenser,반려동물 음수기,Máy nước cho thú cưng,BLU-PEWA-0721,BLU-PEWA-0721,BLU-PEWA-0721,BLU-PEWA-0721,Consumable,BLU-PEWA-0721-CTO10,"CTO 10""","CTO 10"" 카본 필터","Lõi carbon CTO 10""",1,12,,
364,BlueWave,Pet water dispenser,반려동물 음수기,Máy nước cho thú cưng,BLU-PEWA-0721,BLU-PEWA-0721,BLU-PEWA-0721,BLU-PEWA-0721,Accessory,BLU-PEWA-0721-UV,UV sterilizer add-on,UV 살균 어드온,Bộ tiệt trùng UV,1,,,N
365,BlueWave,Pet water dispenser,반려동물 음수기,Máy nước cho thú cưng,BLU-PEWA-0722,BLU-PEWA-0722,BLU-PEWA-0722,BLU-PEWA-0722,Consumable,BLU-PEWA-0722-UF10,"UF 10"" Membrane","UF 10"" 멤브레인","Màng UF 10""",1,24,,
366,BlueWave,Pet water dispenser,반려동물 음수기,Máy nước cho thú cưng,BLU-PEWA-0722,BLU-PEWA-0722,BLU-PEWA-0722,BLU-PEWA-0722,Consumable,BLU-PEWA-0722-RO75,RO 75GPD Membrane,RO 75GPD 멤브레인,Màng RO 75GPD,1,24,,
367,BlueWave,Pet water dispenser,반려동물 음수기,Máy nước cho thú cưng,BLU-PEWA-0722,BLU-PEWA-0722,BLU-PEWA-0722,BLU-PEWA-0722,Consumable,BLU-PEWA-0722-RO100,RO 100GPD Membrane,RO 100GPD 멤브레인,Màng RO 100GPD,1,24,,
368,BlueWave,Pet water dispenser,반려동물 음수기,Máy nước cho thú cưng,BLU-PEWA-0722,BLU-PEWA-0722,BLU-PEWA-0722,BLU-PEWA-0722,Accessory,BLU-PEWA-0722-FCT,Goose-neck faucet,구즈넥 수전,Vòi cổ ngỗng,1,,,N
369,BlueWave,Pet water dispenser,반려동물 음수기,Máy nước cho thú cưng,BLU-PEWA-0723,BLU-PEWA-0723,BLU-PEWA-0723,BLU-PEWA-0723,Consumable,BLU-PEWA-0723-POSTCARB,Post carbon polisher,포스트 카본 필터,Lõi carbon hậu lọc,1,18,,
370,BlueWave,Pet water dispenser,반려동물 음수기,Máy nước cho thú cưng,BLU-PEWA-0723,BLU-PEWA-0723,BLU-PEWA-0723,BLU-PEWA-0723,Consumable,BLU-PEWA-0723-MINERAL,Mineral cartridge,미네랄 카트리지,Hộp khoáng bổ sung,1,12,,
371,BlueWave,Pet water dispenser,반려동물 음수기,Máy nước cho thú cưng,BLU-PEWA-0723,BLU-PEWA-0723,BLU-PEWA-0723,BLU-PEWA-0723,Consumable,BLU-PEWA-0723-PRE,Pre-mesh filter,프리메쉬 필터,Lõi tiền lọc lưới,1,,every visit,
372,BlueWave,Pet water dispenser,반려동물 음수기,Máy nước cho thú cưng,BLU-PEWA-0723,BLU-PEWA-0723,BLU-PEWA-0723,BLU-PEWA-0723,Accessory,BLU-PEWA-0723-TANK,3.2 gal pressure tank,3.2갤런 압력 탱크,Bình áp 3.2 gal,1,,,N
373,BlueWave,Refrigerator water line,냉장고 정수 라인,Đường nước tủ lạnh,BLU-REWA-0731,BLU-REWA-0731,BLU-REWA-0731,BLU-REWA-0731,Consumable,BLU-REWA-0731-PP10,"PP 10""","PP 10"" 침전 필터","Lõi PP 10""",1,6,,
374,BlueWave,Refrigerator water line,냉장고 정수 라인,Đường nước tủ lạnh,BLU-REWA-0731,BLU-REWA-0731,BLU-REWA-0731,BLU-REWA-0731,Consumable,BLU-REWA-0731-CTO10,"CTO 10""","CTO 10"" 카본 필터","Lõi carbon CTO 10""",1,12,,
375,BlueWave,Refrigerator water line,냉장고 정수 라인,Đường nước tủ lạnh,BLU-REWA-0731,BLU-REWA-0731,BLU-REWA-0731,BLU-REWA-0731,Consumable,BLU-REWA-0731-UF10,"UF 10"" Membrane","UF 10"" 멤브레인","Màng UF 10""",1,24,,
376,BlueWave,Refrigerator water line,냉장고 정수 라인,Đường nước tủ lạnh,BLU-REWA-0731,BLU-REWA-0731,BLU-REWA-0731,BLU-REWA-0731,Accessory,BLU-REWA-0731-FCT,Goose-neck faucet,구즈넥 수전,Vòi cổ ngỗng,1,,,N
377,BlueWave,Refrigerator water line,냉장고 정수 라인,Đường nước tủ lạnh,BLU-REWA-0732,BLU-REWA-0732,BLU-REWA-0732,BLU-REWA-0732,Consumable,BLU-REWA-0732-RO75,RO 75GPD Membrane,RO 75GPD 멤브레인,Màng RO 75GPD,1,24,,
378,BlueWave,Refrigerator water line,냉장고 정수 라인,Đường nước tủ lạnh,BLU-REWA-0732,BLU-REWA-0732,BLU-REWA-0732,BLU-REWA-0732,Consumable,BLU-REWA-0732-RO100,RO 100GPD Membrane,RO 100GPD 멤브레인,Màng RO 100GPD,1,24,,
379,BlueWave,Refrigerator water line,냉장고 정수 라인,Đường nước tủ lạnh,BLU-REWA-0732,BLU-REWA-0732,BLU-REWA-0732,BLU-REWA-0732,Consumable,BLU-REWA-0732-POSTCARB,Post carbon polisher,포스트 카본 필터,Lõi carbon hậu lọc,1,18,,
380,BlueWave,Refrigerator water line,냉장고 정수 라인,Đường nước tủ lạnh,BLU-REWA-0732,BLU-REWA-0732,BLU-REWA-0732,BLU-REWA-0732,Accessory,BLU-REWA-0732-TANK,3.2 gal pressure tank,3.2갤런 압력 탱크,Bình áp 3.2 gal,1,,,N
381,BlueWave,Refrigerator water line,냉장고 정수 라인,Đường nước tủ lạnh,BLU-REWA-0733,BLU-REWA-0733,BLU-REWA-0733,BLU-REWA-0733,Consumable,BLU-REWA-0733-MINERAL,Mineral cartridge,미네랄 카트리지,Hộp khoáng bổ sung,1,12,,
382,BlueWave,Refrigerator water line,냉장고 정수 라인,Đường nước tủ lạnh,BLU-REWA-0733,BLU-REWA-0733,BLU-REWA-0733,BLU-REWA-0733,Consumable,BLU-REWA-0733-PRE,Pre-mesh filter,프리메쉬 필터,Lõi tiền lọc lưới,1,,every visit,
383,BlueWave,Refrigerator water line,냉장고 정수 라인,Đường nước tủ lạnh,BLU-REWA-0733,BLU-REWA-0733,BLU-REWA-0733,BLU-REWA-0733,Consumable,BLU-REWA-0733-BIRM,Birm sediment media,비름 침전 미디어,Vật liệu Birm,1,36,,
384,BlueWave,Refrigerator water line,냉장고 정수 라인,Đường nước tủ lạnh,BLU-REWA-0733,BLU-REWA-0733,BLU-REWA-0733,BLU-REWA-0733,Accessory,BLU-REWA-0733-HOSE1,Tubing 1m (white),튜브 호스 1m (흰색),Ống 1m (trắng),1,,,Y
385,NovaPure,Mineral water dispenser,미네랄 정수기,Máy lọc khoáng,NOV-MIWA-0801,NOV-MIWA-0801,NOV-MIWA-0801,NOV-MIWA-0801,Consumable,NOV-MIWA-0801-BIRM,Birm sediment media,비름 침전 미디어,Vật liệu Birm,1,36,,
386,NovaPure,Mineral water dispenser,미네랄 정수기,Máy lọc khoáng,NOV-MIWA-0801,NOV-MIWA-0801,NOV-MIWA-0801,NOV-MIWA-0801,Consumable,NOV-MIWA-0801-GAC,Granular activated carbon,입상활성탄,Than hoạt tính dạng hạt,1,24,,
387,NovaPure,Mineral water dispenser,미네랄 정수기,Máy lọc khoáng,NOV-MIWA-0801,NOV-MIWA-0801,NOV-MIWA-0801,NOV-MIWA-0801,Consumable,NOV-MIWA-0801-PP10,"PP 10""","PP 10"" 침전 필터","Lõi PP 10""",1,6,,
388,NovaPure,Mineral water dispenser,미네랄 정수기,Máy lọc khoáng,NOV-MIWA-0801,NOV-MIWA-0801,NOV-MIWA-0801,NOV-MIWA-0801,Accessory,NOV-MIWA-0801-FCT,Goose-neck faucet,구즈넥 수전,Vòi cổ ngỗng,1,,,N
389,NovaPure,Mineral water dispenser,미네랄 정수기,Máy lọc khoáng,NOV-MIWA-0802,NOV-MIWA-0802,NOV-MIWA-0802,NOV-MIWA-0802,Consumable,NOV-MIWA-0802-CTO10,"CTO 10""","CTO 10"" 카본 필터","Lõi carbon CTO 10""",1,12,,
390,NovaPure,Mineral water dispenser,미네랄 정수기,Máy lọc khoáng,NOV-MIWA-0802,NOV-MIWA-0802,NOV-MIWA-0802,NOV-MIWA-0802,Consumable,NOV-MIWA-0802-UF10,"UF 10"" Membrane","UF 10"" 멤브레인","Màng UF 10""",1,24,,
391,NovaPure,Mineral water dispenser,미네랄 정수기,Máy lọc khoáng,NOV-MIWA-0802,NOV-MIWA-0802,NOV-MIWA-0802,NOV-MIWA-0802,Consumable,NOV-MIWA-0802-RO75,RO 75GPD Membrane,RO 75GPD 멤브레인,Màng RO 75GPD,1,24,,
392,NovaPure,Mineral water dispenser,미네랄 정수기,Máy lọc khoáng,NOV-MIWA-0802,NOV-MIWA-0802,NOV-MIWA-0802,NOV-MIWA-0802,Accessory,NOV-MIWA-0802-TANK,3.2 gal pressure tank,3.2갤런 압력 탱크,Bình áp 3.2 gal,1,,,N
393,NovaPure,Mineral water dispenser,미네랄 정수기,Máy lọc khoáng,NOV-MIWA-0803,NOV-MIWA-0803,NOV-MIWA-0803,NOV-MIWA-0803,Consumable,NOV-MIWA-0803-RO100,RO 100GPD Membrane,RO 100GPD 멤브레인,Màng RO 100GPD,1,24,,
394,NovaPure,Mineral water dispenser,미네랄 정수기,Máy lọc khoáng,NOV-MIWA-0803,NOV-MIWA-0803,NOV-MIWA-0803,NOV-MIWA-0803,Consumable,NOV-MIWA-0803-POSTCARB,Post carbon polisher,포스트 카본 필터,Lõi carbon hậu lọc,1,18,,
395,NovaPure,Mineral water dispenser,미네랄 정수기,Máy lọc khoáng,NOV-MIWA-0803,NOV-MIWA-0803,NOV-MIWA-0803,NOV-MIWA-0803,Consumable,NOV-MIWA-0803-MINERAL,Mineral cartridge,미네랄 카트리지,Hộp khoáng bổ sung,1,12,,
396,NovaPure,Mineral water dispenser,미네랄 정수기,Máy lọc khoáng,NOV-MIWA-0803,NOV-MIWA-0803,NOV-MIWA-0803,NOV-MIWA-0803,Accessory,NOV-MIWA-0803-HOSE1,Tubing 1m (white),튜브 호스 1m (흰색),Ống 1m (trắng),1,,,Y
397,NovaPure,Faucet filter,수도꼭지 필터,Lọc tại vòi,NOV-FAFI-0811,NOV-FAFI-0811,NOV-FAFI-0811,NOV-FAFI-0811,Consumable,NOV-FAFI-0811-GAC,Granular activated carbon,입상활성탄,Than hoạt tính dạng hạt,1,24,,
398,NovaPure,Faucet filter,수도꼭지 필터,Lọc tại vòi,NOV-FAFI-0811,NOV-FAFI-0811,NOV-FAFI-0811,NOV-FAFI-0811,Consumable,NOV-FAFI-0811-PP10,"PP 10""","PP 10"" 침전 필터","Lõi PP 10""",1,6,,
399,NovaPure,Faucet filter,수도꼭지 필터,Lọc tại vòi,NOV-FAFI-0811,NOV-FAFI-0811,NOV-FAFI-0811,NOV-FAFI-0811,Consumable,NOV-FAFI-0811-CTO10,"CTO 10""","CTO 10"" 카본 필터","Lõi carbon CTO 10""",1,12,,
400,NovaPure,Faucet filter,수도꼭지 필터,Lọc tại vòi,NOV-FAFI-0811,NOV-FAFI-0811,NOV-FAFI-0811,NOV-FAFI-0811,Accessory,NOV-FAFI-0811-TANK,3.2 gal pressure tank,3.2갤런 압력 탱크,Bình áp 3.2 gal,1,,,N
401,NovaPure,Faucet filter,수도꼭지 필터,Lọc tại vòi,NOV-FAFI-0812,NOV-FAFI-0812,NOV-FAFI-0812,NOV-FAFI-0812,Consumable,NOV-FAFI-0812-UF10,"UF 10"" Membrane","UF 10"" 멤브레인","Màng UF 10""",1,24,,
402,NovaPure,Faucet filter,수도꼭지 필터,Lọc tại vòi,NOV-FAFI-0812,NOV-FAFI-0812,NOV-FAFI-0812,NOV-FAFI-0812,Consumable,NOV-FAFI-0812-RO75,RO 75GPD Membrane,RO 75GPD 멤브레인,Màng RO 75GPD,1,24,,
403,NovaPure,Faucet filter,수도꼭지 필터,Lọc tại vòi,NOV-FAFI-0812,NOV-FAFI-0812,NOV-FAFI-0812,NOV-FAFI-0812,Consumable,NOV-FAFI-0812-RO100,RO 100GPD Membrane,RO 100GPD 멤브레인,Màng RO 100GPD,1,24,,
404,NovaPure,Faucet filter,수도꼭지 필터,Lọc tại vòi,NOV-FAFI-0812,NOV-FAFI-0812,NOV-FAFI-0812,NOV-FAFI-0812,Accessory,NOV-FAFI-0812-HOSE1,Tubing 1m (white),튜브 호스 1m (흰색),Ống 1m (trắng),1,,,Y
405,NovaPure,Faucet filter,수도꼭지 필터,Lọc tại vòi,NOV-FAFI-0813,NOV-FAFI-0813,NOV-FAFI-0813,NOV-FAFI-0813,Consumable,NOV-FAFI-0813-POSTCARB,Post carbon polisher,포스트 카본 필터,Lõi carbon hậu lọc,1,18,,
406,NovaPure,Faucet filter,수도꼭지 필터,Lọc tại vòi,NOV-FAFI-0813,NOV-FAFI-0813,NOV-FAFI-0813,NOV-FAFI-0813,Consumable,NOV-FAFI-0813-MINERAL,Mineral cartridge,미네랄 카트리지,Hộp khoáng bổ sung,1,12,,
407,NovaPure,Faucet filter,수도꼭지 필터,Lọc tại vòi,NOV-FAFI-0813,NOV-FAFI-0813,NOV-FAFI-0813,NOV-FAFI-0813,Consumable,NOV-FAFI-0813-PRE,Pre-mesh filter,프리메쉬 필터,Lõi tiền lọc lưới,1,,every visit,
408,NovaPure,Faucet filter,수도꼭지 필터,Lọc tại vòi,NOV-FAFI-0813,NOV-FAFI-0813,NOV-FAFI-0813,NOV-FAFI-0813,Accessory,NOV-FAFI-0813-QC,Quick-connect fitting,퀵 커넥트 피팅,Khớp nối nhanh,1,,,Y
409,NovaPure,Shower head filter,샤워헤드 필터,Lọc đầu vòi sen,NOV-SHHE-0821,NOV-SHHE-0821,NOV-SHHE-0821,NOV-SHHE-0821,Consumable,NOV-SHHE-0821-PP10,"PP 10""","PP 10"" 침전 필터","Lõi PP 10""",1,6,,
410,NovaPure,Shower head filter,샤워헤드 필터,Lọc đầu vòi sen,NOV-SHHE-0821,NOV-SHHE-0821,NOV-SHHE-0821,NOV-SHHE-0821,Consumable,NOV-SHHE-0821-CTO10,"CTO 10""","CTO 10"" 카본 필터","Lõi carbon CTO 10""",1,12,,
411,NovaPure,Shower head filter,샤워헤드 필터,Lọc đầu vòi sen,NOV-SHHE-0821,NOV-SHHE-0821,NOV-SHHE-0821,NOV-SHHE-0821,Consumable,NOV-SHHE-0821-UF10,"UF 10"" Membrane","UF 10"" 멤브레인","Màng UF 10""",1,24,,
412,NovaPure,Shower head filter,샤워헤드 필터,Lọc đầu vòi sen,NOV-SHHE-0821,NOV-SHHE-0821,NOV-SHHE-0821,NOV-SHHE-0821,Accessory,NOV-SHHE-0821-HOSE1,Tubing 1m (white),튜브 호스 1m (흰색),Ống 1m (trắng),1,,,Y
413,NovaPure,Shower head filter,샤워헤드 필터,Lọc đầu vòi sen,NOV-SHHE-0822,NOV-SHHE-0822,NOV-SHHE-0822,NOV-SHHE-0822,Consumable,NOV-SHHE-0822-RO75,RO 75GPD Membrane,RO 75GPD 멤브레인,Màng RO 75GPD,1,24,,
414,NovaPure,Shower head filter,샤워헤드 필터,Lọc đầu vòi sen,NOV-SHHE-0822,NOV-SHHE-0822,NOV-SHHE-0822,NOV-SHHE-0822,Consumable,NOV-SHHE-0822-RO100,RO 100GPD Membrane,RO 100GPD 멤브레인,Màng RO 100GPD,1,24,,
415,NovaPure,Shower head filter,샤워헤드 필터,Lọc đầu vòi sen,NOV-SHHE-0822,NOV-SHHE-0822,NOV-SHHE-0822,NOV-SHHE-0822,Consumable,NOV-SHHE-0822-POSTCARB,Post carbon polisher,포스트 카본 필터,Lõi carbon hậu lọc,1,18,,
416,NovaPure,Shower head filter,샤워헤드 필터,Lọc đầu vòi sen,NOV-SHHE-0822,NOV-SHHE-0822,NOV-SHHE-0822,NOV-SHHE-0822,Accessory,NOV-SHHE-0822-QC,Quick-connect fitting,퀵 커넥트 피팅,Khớp nối nhanh,1,,,Y
417,NovaPure,Shower head filter,샤워헤드 필터,Lọc đầu vòi sen,NOV-SHHE-0823,NOV-SHHE-0823,NOV-SHHE-0823,NOV-SHHE-0823,Consumable,NOV-SHHE-0823-MINERAL,Mineral cartridge,미네랄 카트리지,Hộp khoáng bổ sung,1,12,,
418,NovaPure,Shower head filter,샤워헤드 필터,Lọc đầu vòi sen,NOV-SHHE-0823,NOV-SHHE-0823,NOV-SHHE-0823,NOV-SHHE-0823,Consumable,NOV-SHHE-0823-PRE,Pre-mesh filter,프리메쉬 필터,Lõi tiền lọc lưới,1,,every visit,
419,NovaPure,Shower head filter,샤워헤드 필터,Lọc đầu vòi sen,NOV-SHHE-0823,NOV-SHHE-0823,NOV-SHHE-0823,NOV-SHHE-0823,Consumable,NOV-SHHE-0823-BIRM,Birm sediment media,비름 침전 미디어,Vật liệu Birm,1,36,,
420,NovaPure,Shower head filter,샤워헤드 필터,Lọc đầu vòi sen,NOV-SHHE-0823,NOV-SHHE-0823,NOV-SHHE-0823,NOV-SHHE-0823,Accessory,NOV-SHHE-0823-VALVE,Inlet shut-off valve,급수 차단 밸브,Van khóa cấp,1,,,Y
421,NovaPure,Pet water dispenser,반려동물 음수기,Máy nước cho thú cưng,NOV-PEWA-0831,NOV-PEWA-0831,NOV-PEWA-0831,NOV-PEWA-0831,Consumable,NOV-PEWA-0831-CTO10,"CTO 10""","CTO 10"" 카본 필터","Lõi carbon CTO 10""",1,12,,
422,NovaPure,Pet water dispenser,반려동물 음수기,Máy nước cho thú cưng,NOV-PEWA-0831,NOV-PEWA-0831,NOV-PEWA-0831,NOV-PEWA-0831,Consumable,NOV-PEWA-0831-UF10,"UF 10"" Membrane","UF 10"" 멤브레인","Màng UF 10""",1,24,,
423,NovaPure,Pet water dispenser,반려동물 음수기,Máy nước cho thú cưng,NOV-PEWA-0831,NOV-PEWA-0831,NOV-PEWA-0831,NOV-PEWA-0831,Consumable,NOV-PEWA-0831-RO75,RO 75GPD Membrane,RO 75GPD 멤브레인,Màng RO 75GPD,1,24,,
424,NovaPure,Pet water dispenser,반려동물 음수기,Máy nước cho thú cưng,NOV-PEWA-0831,NOV-PEWA-0831,NOV-PEWA-0831,NOV-PEWA-0831,Accessory,NOV-PEWA-0831-QC,Quick-connect fitting,퀵 커넥트 피팅,Khớp nối nhanh,1,,,Y
425,NovaPure,Pet water dispenser,반려동물 음수기,Máy nước cho thú cưng,NOV-PEWA-0832,NOV-PEWA-0832,NOV-PEWA-0832,NOV-PEWA-0832,Consumable,NOV-PEWA-0832-RO100,RO 100GPD Membrane,RO 100GPD 멤브레인,Màng RO 100GPD,1,24,,
426,NovaPure,Pet water dispenser,반려동물 음수기,Máy nước cho thú cưng,NOV-PEWA-0832,NOV-PEWA-0832,NOV-PEWA-0832,NOV-PEWA-0832,Consumable,NOV-PEWA-0832-POSTCARB,Post carbon polisher,포스트 카본 필터,Lõi carbon hậu lọc,1,18,,
427,NovaPure,Pet water dispenser,반려동물 음수기,Máy nước cho thú cưng,NOV-PEWA-0832,NOV-PEWA-0832,NOV-PEWA-0832,NOV-PEWA-0832,Consumable,NOV-PEWA-0832-MINERAL,Mineral cartridge,미네랄 카트리지,Hộp khoáng bổ sung,1,12,,
428,NovaPure,Pet water dispenser,반려동물 음수기,Máy nước cho thú cưng,NOV-PEWA-0832,NOV-PEWA-0832,NOV-PEWA-0832,NOV-PEWA-0832,Accessory,NOV-PEWA-0832-VALVE,Inlet shut-off valve,급수 차단 밸브,Van khóa cấp,1,,,Y
429,NovaPure,Pet water dispenser,반려동물 음수기,Máy nước cho thú cưng,NOV-PEWA-0833,NOV-PEWA-0833,NOV-PEWA-0833,NOV-PEWA-0833,Consumable,NOV-PEWA-0833-PRE,Pre-mesh filter,프리메쉬 필터,Lõi tiền lọc lưới,1,,every visit,
430,NovaPure,Pet water dispenser,반려동물 음수기,Máy nước cho thú cưng,NOV-PEWA-0833,NOV-PEWA-0833,NOV-PEWA-0833,NOV-PEWA-0833,Consumable,NOV-PEWA-0833-BIRM,Birm sediment media,비름 침전 미디어,Vật liệu Birm,1,36,,
431,NovaPure,Pet water dispenser,반려동물 음수기,Máy nước cho thú cưng,NOV-PEWA-0833,NOV-PEWA-0833,NOV-PEWA-0833,NOV-PEWA-0833,Consumable,NOV-PEWA-0833-GAC,Granular activated carbon,입상활성탄,Than hoạt tính dạng hạt,1,24,,
432,NovaPure,Pet water dispenser,반려동물 음수기,Máy nước cho thú cưng,NOV-PEWA-0833,NOV-PEWA-0833,NOV-PEWA-0833,NOV-PEWA-0833,Accessory,NOV-PEWA-0833-CLAMP,Saddle clamp,새들 클램프,Kẹp yên ngựa,1,,,Y
433,ClearStream,Travel purifier,휴대용 정수기,Máy lọc du lịch,CLE-TRPU-0901,CLE-TRPU-0901,CLE-TRPU-0901,CLE-TRPU-0901,Consumable,CLE-TRPU-0901-GAC,Granular activated carbon,입상활성탄,Than hoạt tính dạng hạt,1,24,,
434,ClearStream,Travel purifier,휴대용 정수기,Máy lọc du lịch,CLE-TRPU-0901,CLE-TRPU-0901,CLE-TRPU-0901,CLE-TRPU-0901,Consumable,CLE-TRPU-0901-PP10,"PP 10""","PP 10"" 침전 필터","Lõi PP 10""",1,6,,
435,ClearStream,Travel purifier,휴대용 정수기,Máy lọc du lịch,CLE-TRPU-0901,CLE-TRPU-0901,CLE-TRPU-0901,CLE-TRPU-0901,Consumable,CLE-TRPU-0901-CTO10,"CTO 10""","CTO 10"" 카본 필터","Lõi carbon CTO 10""",1,12,,
436,ClearStream,Travel purifier,휴대용 정수기,Máy lọc du lịch,CLE-TRPU-0901,CLE-TRPU-0901,CLE-TRPU-0901,CLE-TRPU-0901,Accessory,CLE-TRPU-0901-QC,Quick-connect fitting,퀵 커넥트 피팅,Khớp nối nhanh,1,,,Y
437,ClearStream,Travel purifier,휴대용 정수기,Máy lọc du lịch,CLE-TRPU-0902,CLE-TRPU-0902,CLE-TRPU-0902,CLE-TRPU-0902,Consumable,CLE-TRPU-0902-UF10,"UF 10"" Membrane","UF 10"" 멤브레인","Màng UF 10""",1,24,,
438,ClearStream,Travel purifier,휴대용 정수기,Máy lọc du lịch,CLE-TRPU-0902,CLE-TRPU-0902,CLE-TRPU-0902,CLE-TRPU-0902,Consumable,CLE-TRPU-0902-RO75,RO 75GPD Membrane,RO 75GPD 멤브레인,Màng RO 75GPD,1,24,,
439,ClearStream,Travel purifier,휴대용 정수기,Máy lọc du lịch,CLE-TRPU-0902,CLE-TRPU-0902,CLE-TRPU-0902,CLE-TRPU-0902,Consumable,CLE-TRPU-0902-RO100,RO 100GPD Membrane,RO 100GPD 멤브레인,Màng RO 100GPD,1,24,,
440,ClearStream,Travel purifier,휴대용 정수기,Máy lọc du lịch,CLE-TRPU-0902,CLE-TRPU-0902,CLE-TRPU-0902,CLE-TRPU-0902,Accessory,CLE-TRPU-0902-VALVE,Inlet shut-off valve,급수 차단 밸브,Van khóa cấp,1,,,Y
441,ClearStream,Travel purifier,휴대용 정수기,Máy lọc du lịch,CLE-TRPU-0903,CLE-TRPU-0903,CLE-TRPU-0903,CLE-TRPU-0903,Consumable,CLE-TRPU-0903-POSTCARB,Post carbon polisher,포스트 카본 필터,Lõi carbon hậu lọc,1,18,,
442,ClearStream,Travel purifier,휴대용 정수기,Máy lọc du lịch,CLE-TRPU-0903,CLE-TRPU-0903,CLE-TRPU-0903,CLE-TRPU-0903,Consumable,CLE-TRPU-0903-MINERAL,Mineral cartridge,미네랄 카트리지,Hộp khoáng bổ sung,1,12,,
443,ClearStream,Travel purifier,휴대용 정수기,Máy lọc du lịch,CLE-TRPU-0903,CLE-TRPU-0903,CLE-TRPU-0903,CLE-TRPU-0903,Consumable,CLE-TRPU-0903-PRE,Pre-mesh filter,프리메쉬 필터,Lõi tiền lọc lưới,1,,every visit,
444,ClearStream,Travel purifier,휴대용 정수기,Máy lọc du lịch,CLE-TRPU-0903,CLE-TRPU-0903,CLE-TRPU-0903,CLE-TRPU-0903,Accessory,CLE-TRPU-0903-CLAMP,Saddle clamp,새들 클램프,Kẹp yên ngựa,1,,,Y
445,ClearStream,Mineral water dispenser,미네랄 정수기,Máy lọc khoáng,CLE-MIWA-0911,CLE-MIWA-0911,CLE-MIWA-0911,CLE-MIWA-0911,Consumable,CLE-MIWA-0911-PP10,"PP 10""","PP 10"" 침전 필터","Lõi PP 10""",1,6,,
446,ClearStream,Mineral water dispenser,미네랄 정수기,Máy lọc khoáng,CLE-MIWA-0911,CLE-MIWA-0911,CLE-MIWA-0911,CLE-MIWA-0911,Consumable,CLE-MIWA-0911-CTO10,"CTO 10""","CTO 10"" 카본 필터","Lõi carbon CTO 10""",1,12,,
447,ClearStream,Mineral water dispenser,미네랄 정수기,Máy lọc khoáng,CLE-MIWA-0911,CLE-MIWA-0911,CLE-MIWA-0911,CLE-MIWA-0911,Consumable,CLE-MIWA-0911-UF10,"UF 10"" Membrane","UF 10"" 멤브레인","Màng UF 10""",1,24,,
448,ClearStream,Mineral water dispenser,미네랄 정수기,Máy lọc khoáng,CLE-MIWA-0911,CLE-MIWA-0911,CLE-MIWA-0911,CLE-MIWA-0911,Accessory,CLE-MIWA-0911-VALVE,Inlet shut-off valve,급수 차단 밸브,Van khóa cấp,1,,,Y
449,ClearStream,Mineral water dispenser,미네랄 정수기,Máy lọc khoáng,CLE-MIWA-0912,CLE-MIWA-0912,CLE-MIWA-0912,CLE-MIWA-0912,Consumable,CLE-MIWA-0912-RO75,RO 75GPD Membrane,RO 75GPD 멤브레인,Màng RO 75GPD,1,24,,
450,ClearStream,Mineral water dispenser,미네랄 정수기,Máy lọc khoáng,CLE-MIWA-0912,CLE-MIWA-0912,CLE-MIWA-0912,CLE-MIWA-0912,Consumable,CLE-MIWA-0912-RO100,RO 100GPD Membrane,RO 100GPD 멤브레인,Màng RO 100GPD,1,24,,
451,ClearStream,Mineral water dispenser,미네랄 정수기,Máy lọc khoáng,CLE-MIWA-0912,CLE-MIWA-0912,CLE-MIWA-0912,CLE-MIWA-0912,Consumable,CLE-MIWA-0912-POSTCARB,Post carbon polisher,포스트 카본 필터,Lõi carbon hậu lọc,1,18,,
452,ClearStream,Mineral water dispenser,미네랄 정수기,Máy lọc khoáng,CLE-MIWA-0912,CLE-MIWA-0912,CLE-MIWA-0912,CLE-MIWA-0912,Accessory,CLE-MIWA-0912-CLAMP,Saddle clamp,새들 클램프,Kẹp yên ngựa,1,,,Y
453,ClearStream,Mineral water dispenser,미네랄 정수기,Máy lọc khoáng,CLE-MIWA-0913,CLE-MIWA-0913,CLE-MIWA-0913,CLE-MIWA-0913,Consumable,CLE-MIWA-0913-MINERAL,Mineral cartridge,미네랄 카트리지,Hộp khoáng bổ sung,1,12,,
454,ClearStream,Mineral water dispenser,미네랄 정수기,Máy lọc khoáng,CLE-MIWA-0913,CLE-MIWA-0913,CLE-MIWA-0913,CLE-MIWA-0913,Consumable,CLE-MIWA-0913-PRE,Pre-mesh filter,프리메쉬 필터,Lõi tiền lọc lưới,1,,every visit,
455,ClearStream,Mineral water dispenser,미네랄 정수기,Máy lọc khoáng,CLE-MIWA-0913,CLE-MIWA-0913,CLE-MIWA-0913,CLE-MIWA-0913,Consumable,CLE-MIWA-0913-BIRM,Birm sediment media,비름 침전 미디어,Vật liệu Birm,1,36,,
456,ClearStream,Mineral water dispenser,미네랄 정수기,Máy lọc khoáng,CLE-MIWA-0913,CLE-MIWA-0913,CLE-MIWA-0913,CLE-MIWA-0913,Accessory,CLE-MIWA-0913-BRKT,Wall mount bracket,벽 부착 브래킷,Giá treo tường,1,,,Y
457,ClearStream,Faucet filter,수도꼭지 필터,Lọc tại vòi,CLE-FAFI-0921,CLE-FAFI-0921,CLE-FAFI-0921,CLE-FAFI-0921,Consumable,CLE-FAFI-0921-CTO10,"CTO 10""","CTO 10"" 카본 필터","Lõi carbon CTO 10""",1,12,,
458,ClearStream,Faucet filter,수도꼭지 필터,Lọc tại vòi,CLE-FAFI-0921,CLE-FAFI-0921,CLE-FAFI-0921,CLE-FAFI-0921,Consumable,CLE-FAFI-0921-UF10,"UF 10"" Membrane","UF 10"" 멤브레인","Màng UF 10""",1,24,,
459,ClearStream,Faucet filter,수도꼭지 필터,Lọc tại vòi,CLE-FAFI-0921,CLE-FAFI-0921,CLE-FAFI-0921,CLE-FAFI-0921,Consumable,CLE-FAFI-0921-RO75,RO 75GPD Membrane,RO 75GPD 멤브레인,Màng RO 75GPD,1,24,,
460,ClearStream,Faucet filter,수도꼭지 필터,Lọc tại vòi,CLE-FAFI-0921,CLE-FAFI-0921,CLE-FAFI-0921,CLE-FAFI-0921,Accessory,CLE-FAFI-0921-CLAMP,Saddle clamp,새들 클램프,Kẹp yên ngựa,1,,,Y
461,ClearStream,Faucet filter,수도꼭지 필터,Lọc tại vòi,CLE-FAFI-0922,CLE-FAFI-0922,CLE-FAFI-0922,CLE-FAFI-0922,Consumable,CLE-FAFI-0922-RO100,RO 100GPD Membrane,RO 100GPD 멤브레인,Màng RO 100GPD,1,24,,
462,ClearStream,Faucet filter,수도꼭지 필터,Lọc tại vòi,CLE-FAFI-0922,CLE-FAFI-0922,CLE-FAFI-0922,CLE-FAFI-0922,Consumable,CLE-FAFI-0922-POSTCARB,Post carbon polisher,포스트 카본 필터,Lõi carbon hậu lọc,1,18,,
463,ClearStream,Faucet filter,수도꼭지 필터,Lọc tại vòi,CLE-FAFI-0922,CLE-FAFI-0922,CLE-FAFI-0922,CLE-FAFI-0922,Consumable,CLE-FAFI-0922-MINERAL,Mineral cartridge,미네랄 카트리지,Hộp khoáng bổ sung,1,12,,
464,ClearStream,Faucet filter,수도꼭지 필터,Lọc tại vòi,CLE-FAFI-0922,CLE-FAFI-0922,CLE-FAFI-0922,CLE-FAFI-0922,Accessory,CLE-FAFI-0922-BRKT,Wall mount bracket,벽 부착 브래킷,Giá treo tường,1,,,Y
465,ClearStream,Faucet filter,수도꼭지 필터,Lọc tại vòi,CLE-FAFI-0923,CLE-FAFI-0923,CLE-FAFI-0923,CLE-FAFI-0923,Consumable,CLE-FAFI-0923-PRE,Pre-mesh filter,프리메쉬 필터,Lõi tiền lọc lưới,1,,every visit,
466,ClearStream,Faucet filter,수도꼭지 필터,Lọc tại vòi,CLE-FAFI-0923,CLE-FAFI-0923,CLE-FAFI-0923,CLE-FAFI-0923,Consumable,CLE-FAFI-0923-BIRM,Birm sediment media,비름 침전 미디어,Vật liệu Birm,1,36,,
467,ClearStream,Faucet filter,수도꼭지 필터,Lọc tại vòi,CLE-FAFI-0923,CLE-FAFI-0923,CLE-FAFI-0923,CLE-FAFI-0923,Consumable,CLE-FAFI-0923-GAC,Granular activated carbon,입상활성탄,Than hoạt tính dạng hạt,1,24,,
468,ClearStream,Faucet filter,수도꼭지 필터,Lọc tại vòi,CLE-FAFI-0923,CLE-FAFI-0923,CLE-FAFI-0923,CLE-FAFI-0923,Accessory,CLE-FAFI-0923-UV,UV sterilizer add-on,UV 살균 어드온,Bộ tiệt trùng UV,1,,,N
469,ClearStream,Shower head filter,샤워헤드 필터,Lọc đầu vòi sen,CLE-SHHE-0931,CLE-SHHE-0931,CLE-SHHE-0931,CLE-SHHE-0931,Consumable,CLE-SHHE-0931-UF10,"UF 10"" Membrane","UF 10"" 멤브레인","Màng UF 10""",1,24,,
470,ClearStream,Shower head filter,샤워헤드 필터,Lọc đầu vòi sen,CLE-SHHE-0931,CLE-SHHE-0931,CLE-SHHE-0931,CLE-SHHE-0931,Consumable,CLE-SHHE-0931-RO75,RO 75GPD Membrane,RO 75GPD 멤브레인,Màng RO 75GPD,1,24,,
471,ClearStream,Shower head filter,샤워헤드 필터,Lọc đầu vòi sen,CLE-SHHE-0931,CLE-SHHE-0931,CLE-SHHE-0931,CLE-SHHE-0931,Consumable,CLE-SHHE-0931-RO100,RO 100GPD Membrane,RO 100GPD 멤브레인,Màng RO 100GPD,1,24,,
472,ClearStream,Shower head filter,샤워헤드 필터,Lọc đầu vòi sen,CLE-SHHE-0931,CLE-SHHE-0931,CLE-SHHE-0931,CLE-SHHE-0931,Accessory,CLE-SHHE-0931-BRKT,Wall mount bracket,벽 부착 브래킷,Giá treo tường,1,,,Y
473,ClearStream,Shower head filter,샤워헤드 필터,Lọc đầu vòi sen,CLE-SHHE-0932,CLE-SHHE-0932,CLE-SHHE-0932,CLE-SHHE-0932,Consumable,CLE-SHHE-0932-POSTCARB,Post carbon polisher,포스트 카본 필터,Lõi carbon hậu lọc,1,18,,
474,ClearStream,Shower head filter,샤워헤드 필터,Lọc đầu vòi sen,CLE-SHHE-0932,CLE-SHHE-0932,CLE-SHHE-0932,CLE-SHHE-0932,Consumable,CLE-SHHE-0932-MINERAL,Mineral cartridge,미네랄 카트리지,Hộp khoáng bổ sung,1,12,,
475,ClearStream,Shower head filter,샤워헤드 필터,Lọc đầu vòi sen,CLE-SHHE-0932,CLE-SHHE-0932,CLE-SHHE-0932,CLE-SHHE-0932,Consumable,CLE-SHHE-0932-PRE,Pre-mesh filter,프리메쉬 필터,Lõi tiền lọc lưới,1,,every visit,
476,ClearStream,Shower head filter,샤워헤드 필터,Lọc đầu vòi sen,CLE-SHHE-0932,CLE-SHHE-0932,CLE-SHHE-0932,CLE-SHHE-0932,Accessory,CLE-SHHE-0932-UV,UV sterilizer add-on,UV 살균 어드온,Bộ tiệt trùng UV,1,,,N
477,ClearStream,Shower head filter,샤워헤드 필터,Lọc đầu vòi sen,CLE-SHHE-0933,CLE-SHHE-0933,CLE-SHHE-0933,CLE-SHHE-0933,Consumable,CLE-SHHE-0933-BIRM,Birm sediment media,비름 침전 미디어,Vật liệu Birm,1,36,,
478,ClearStream,Shower head filter,샤워헤드 필터,Lọc đầu vòi sen,CLE-SHHE-0933,CLE-SHHE-0933,CLE-SHHE-0933,CLE-SHHE-0933,Consumable,CLE-SHHE-0933-GAC,Granular activated carbon,입상활성탄,Than hoạt tính dạng hạt,1,24,,
479,ClearStream,Shower head filter,샤워헤드 필터,Lọc đầu vòi sen,CLE-SHHE-0933,CLE-SHHE-0933,CLE-SHHE-0933,CLE-SHHE-0933,Consumable,CLE-SHHE-0933-PP10,"PP 10""","PP 10"" 침전 필터","Lõi PP 10""",1,6,,
480,ClearStream,Shower head filter,샤워헤드 필터,Lọc đầu vòi sen,CLE-SHHE-0933,CLE-SHHE-0933,CLE-SHHE-0933,CLE-SHHE-0933,Accessory,CLE-SHHE-0933-FCT,Goose-neck faucet,구즈넥 수전,Vòi cổ ngỗng,1,,,N
